unit_id,nome_unita,descrizione,costo_energia,costo_metallo,tempo_costruzione,salute,potere_costruttivo,estrazione_metallo,immagine,e_costruttore,categoria,puo_costruire
andainc,Incubator Lab,Produces Level 2 Kbots,1772,723,7151,2800,100,,andainc.png,true,ALL PLANT NOTLAND NOTSUB NOWEAPON NOTSHIP NOTAIR SURFACE,andacsp|walker|andogre|exxec|andtanko|andtesla|androck
andbrskr,Berserker,Battle Kbot,1972,244,2918,412,0,,andbrskr.png,false,KBOT MOBILE WEAPON ALL NOTSUB NOTSHIP NOTAIR SURFACE,
andhart,Snipe,Light Artillery Hovercraft,897,45,1420,1050,0,,da_fare.png,false,ALL TANK MOBILE WEAPON NOTSUB NOTSHIP NOTAIR SURFACE,
andhawk,Eagle,Stealth Fighter,10200,140,11685,900,,,da_fare.png,,ALL NOTLAND MOBILE WEAPON ANTIGATOR NOTSUB ANTIFLAME ANTIEMG ANTILASER VTOL NOTSHIP,
andinc,Incubator Lab,Produces Level 1 Kbots,1772,723,7151,2800,100,,andinc.png,true,ALL PLANT NOTLAND NOTSUB NOWEAPON NOTSHIP NOTAIR SURFACE,andcsp|andscouter|anddauber|andbrskr|andgaso|andlipo|andmisa
andspaa,Hunter,All-Terrain Anti-Air Spider,897,45,1420,680,0,,da_fare.png,false,ALL TANK MOBILE WEAPON NOTSUB NOTSHIP NOTAIR SURFACE,
armfortgv,Fortification Gate,Electric Gate,4432,980,5705,1263,0,,ARMFORTGV.bmp,false,NOWEAPON NOTAIR NOTSUB NOTSHIP SURFACE,
armtigre,Tiger,Assault evol. Tank,270000,13000,290000,20850,0,,armtigre,false,ALL TANK MOBILE WEAPON NOTSUB NOTSHIP NOTAIR SURFACE,
corrlnofire,Pulverizer,Anti-air Tower,0,0,1749,300,,,CORRL.DDS,,ALL NOTLAND WEAPON NOTSUB NOTSHIP NOTAIR NOTHOVER SURFACE,
eufacd,Adv. Construction Drone,Tech Level 2,5263,431,12397,1860,250,,da_fare.png,true,ALL TANK MOBILE NOTSUB NOWEAPON NOTSHIP NOTAIR SURFACE,eufsolar|eufmstor|eufestor|eufmetex|eufavp|eufvp|eufap|euf_radar|eufpathsmall|eufsnpr|eufpath|armarch|eufloony|eufblab|euf_fence_gate|euf_fence_wall|eufadvmetex
eufavp,Advanced Vehicle Plant,Produces EUF Vehicles,13440,2698,17940,4300,200,,eufavp.png,true,ALL NOTLAND PLANT NOTSUB NOWEAPON NOTSHIP NOTAIR SURFACE,eufacd|eufbomb|eufher|euflong|eufopp|eufrld|eufshat|eufbigfoot|eufkaat|eufpilonax
eufbigfoot,Goliath,Experimental Assault Tank,19892,1567,26125,7000,0,,nfagol.png,false,ALL TANK MOBILE WEAPON NOTSUB NOTSHIP NOTAIR SURFACE,
eufbomb,Bombarder X-5,Medium Range Plasma Tank,66789,4987,132786,1600,,,eufbomb.png,false,ALL TANK MOBILE WEAPON NOTSUB NOTSHIP NOTAIR SURFACE,
eufcd,Construction Drone,Tech Level 1,1802,128,4066,905,90,,,true,ALL TANK MOBILE NOTSUB NOWEAPON NOTSHIP NOTAIR SURFACE,eufsolar|eufmstor|eufestor|eufmetex|eufametex|eufavp|eufvp|eufap|euf_radar|eufpathsmall|eufsnpr|eufpath|armarch|eufloony|eufblab|euf_fence_gate|euf_fence_wall
eufher,Heretic,Assault Tank,1395,222,2938,2100,,,eufher.png,false,ALL TANK MOBILE WEAPON NOTSUB NOTSHIP NOTAIR SURFACE,
eufkaat,KAAT,Advanced Mobile Missile Launcher,5135,595,2,3250,0,,eufkaat.pcx,false,TANK WEAPON NOTAIR NOTSUB SURFACE,
euflong,Longbow,Flak Tank,4611,567,8249,502,,,euflong.png,false,ALL TANK MOBILE WEAPON NOTSUB NOTSHIP NOTAIR SURFACE,
eufmedic,Anabolic Medic,Repairing BodyGuard,3801,111,2489,281,90,,eufmedic.png,true,KBOT MOBILE WEAPON ALL NOTSUB NOTSHIP NOTAIR SURFACE,
eufopp,Oppressor,Support Tank,1316,158,2174,1900,,,eufopp.png,false,ALL TANK MOBILE WEAPON NOTSUB NOTSHIP NOTAIR SURFACE,
eufpilonax,PILONAX,Very Heavy artillery Tank,12650,1080,16012,8000,0,,eufpilonax.png,false,ALL TANK MOBILE WEAPON NOTSUB NOTSHIP NOTAIR SURFACE,
eufrld,Loader,Heavy Support Vehicle,3409,365,7631,1400,,,eufrld.png,false,ALL TANK MOBILE WEAPON NOTSUB NOTSHIP NOTAIR SURFACE,
eufsab,Sabre,Missile Tank,1190,143,2438,850,,,eufsab.png,false,ALL TANK MOBILE WEAPON NOTSUB NOTSHIP NOTAIR SURFACE,
eufshat,Shatterer,Heavy Missile Vehicle,2437,286,5991,1120,,,eufshat.png,false,ALL TANK MOBILE WEAPON NOTSUB NOTSHIP NOTAIR SURFACE,
eufthorn,Thorn,Laser Tank,1014,120,1866,655,,,eufthorn.png,false,ALL TANK MOBILE WEAPON NOTSUB NOTSHIP NOTAIR SURFACE,
euftrasparte,Transport Vehicle,Transport Vehicle,2137,194,5213,905,100,,euftrasparte.png,true,ALL TANK MOBILE NOTSUB NOWEAPON NOTSHIP NOTAIR SURFACE,
eufvp,Tank Plant,Builds 1 lvl tanks,1853,743,7192,2580,100,,eufvp.png,true,ALL PLANT NOTLAND NOTSUB NOWEAPON NOTSHIP NOTAIR SURFACE,eufcd|eufthorn|eufsab
medusa,Medusa,Heavy Quad-HLT Battery,27687,2546,25656,2195,0,,medusa,false,ALL NOTLAND WEAPON NOTSUB NOTSHIP NOTAIR SURFACE,
andabomb,Bombero,Strategic Bomber,11332,244,31064,1440,0,,da_fare.png,false,ALL NOTLAND MOBILE WEAPON ANTIGATOR NOTSUB ANTIFLAME ANTIEMG ANTILASER VTOL NOTSHIP,
andbomb,Thunder,Bomber,4075,145,4778,560,0,,andbomb.png,false,ALL MOBILE WEAPON NOTLAND ANTIGATOR NOTSUB ANTIFLAME ANTIEMG ANTILASER VTOL NOTSHIP,
anddragon,Dragon,Standoff Attack Missleboat,22973,1305,26500,1150,,,da_fare.png,,ALL WEAPON VTOL NOTSUB,
andfig,Freedom Fighter,Fighter,2687,68,3465,150,,,andfig.png,,ALL MOBILE WEAPON ANTIGATOR NOTSUB ANTIFLAME ANTIEMG ANTILASER NOTLAND VTOL NOTSHIP,
andhors,Flying Ray,Support Gun Ship,28234,2334,50584,2394,0,,da_fare.png,false,ALL WEAPON VTOL NOTSUB,
andmerv,Minerva,Light Gunship,2374,133,5046,350,0,,icukam.png,false,ALL MOBILE NOTSUB VTOL WEAPON,
armawac,Eagle,Radar/Sonar Plane,8599,176,12819,1600,0,,icuawac.png,false,ALL ANTIEMG NOTLAND MOBILE NOTSUB ANTIFLAME ANTIGATOR ANTILASER VTOL NOWEAPON NOTSHIP,
armbrawl,Brawler,Gunship,6000,300,20000,1150,0,,icubraw.png,false,ALL NOTLAND MOBILE WEAPON ANTIGATOR NOTSUB ANTIFLAME ANTIEMG ANTILASER VTOL NOTSHIP,
armcybr,Liche,Atomic Bomber,43062,2243,76203,3600,0,,iculiche.png,false,ALL WEAPON NOTSUB VTOL,
armfig,Freedom Fighter,Fighter,2687,68,3465,150,,,icufig.png,,OGGETTISTATICI,
armhawk,Hawk,Stealth Fighter,10200,140,11685,650,,,icuhawk.png,,ALL NOTLAND MOBILE WEAPON ANTIGATOR NOTSUB ANTIFLAME ANTIEMG ANTILASER VTOL NOTSHIP,
armkam,Banshee,Light Gunship,2374,133,5046,350,0,,icukam.png,false,ALL MOBILE NOTSUB VTOL WEAPON,
armlance,Lancet,Torpedo Bomber,7030,340,15000,1800,0,,iculance.png,false,ALL NOTLAND MOBILE WEAPON ANTIGATOR NOTSUB ANTIFLAME ANTIEMG ANTILASER VTOL NOTSHIP,
armpeep,Peeper,Scout Plane,1475,30,2585,80,0,,icupeep.png,false,ALL MOBILE NOTLAND NOTSUB ANTIFLAME ANTIGATOR ANTIEMG ANTILASER VTOL NOWEAPON NOTSHIP,
armpnix,Phoenix,Strategic Bomber,11332,244,31064,1440,0,,ICUPNIX.png,false,ALL NOTLAND MOBILE WEAPON ANTIGATOR NOTSUB ANTIFLAME ANTIEMG ANTILASER VTOL NOTSHIP,
armthund,Thunder,Bomber,4075,145,4778,560,0,,icuthund.png,false,ALL MOBILE WEAPON NOTLAND ANTIGATOR NOTSUB ANTIFLAME ANTIEMG ANTILASER VTOL NOTSHIP,
blade,Blade,Rapid Assault Flak Resistant Gunship,17403,951,30964,2400,0,,icublade.png,false,ALL WEAPON NOTSUB VTOL,
bladew,Bladewing,Light Paralyzer Drone,1280,58,2073,60,0,,nfablade.png,,ALL WEAPON VTOL NOTSUB,
cirr,Cirrus,Light Skycruiser,19946,1961,43453,7000,0,,cirr.png,false,ALL WEAPON VTOL NOTSUB,
corape,Rapier,Gunship,5800,320,20000,1200,0,,nfaape.png,false,ALL MOBILE WEAPON NOTLAND ANTIGATOR VTOL ANTIFLAME ANTIEMG ANTILASER NOTSUB NOTSHIP,
corawac,Vulture,Radar/Sonar Plane,8346,180,13264,1800,0,,nfaawac.png,false,ALL ANTIEMG NOTLAND MOBILE ANTIGATOR NOTSUB ANTIFLAME ANTILASER VTOL NOWEAPON NOTSHIP,
corcrw,Krow,Flying Fortress,72000,6400,150000,19000,0,,nfacrw.png,false,ALL WEAPON VTOL NOTSUB,
corfink,Fink,Scout Plane,1460,28,2156,90,0,,nfafink.png,false,ALL MOBILE NOTLAND ANTIGATOR NOTSUB ANTIFLAME ANTIEMG ANTILASER VTOL NOWEAPON NOTSHIP,
corhurc,Hurricane,Heavy Strategic Bomber,14365,313,28461,1371,0,,nfahurc.png,false,ALL NOTLAND MOBILE WEAPON ANTIGATOR VTOL ANTIFLAME ANTIEMG ANTILASER NOTSUB NOTSHIP,
corshad,Shadow,Bomber,5968,156,5054,615,0,,nfashad.png,false,ALL MOBILE WEAPON NOTLAND ANTIGATOR VTOL ANTIFLAME ANTIEMG ANTILASER NOTSUB NOTSHIP,
cortitan,Titan,Torpedo Bomber,7800,360,22072,1900,0,,nfatitan.png,false,ALL NOTLAND MOBILE WEAPON ANTIGATOR VTOL ANTIFLAME ANTIEMG ANTILASER NOTSUB NOTSHIP,
corvamp,Vamp,Stealth Fighter,9600,150,9055,600,,,nfavamp.png,,ALL NOTLAND MOBILE WEAPON ANTIGATOR VTOL ANTIFLAME ANTIEMG ANTILASER NOTSUB NOTSHIP,
corveng,Avenger,Fighter,2025,90,3333,200,,,nfaveng.png,,ALL MOBILE WEAPON ANTIGATOR VTOL ANTIFLAME ANTIEMG ANTILASER NOTLAND NOTSUB NOTSHIP,
demr,Demarcator,Heavy Skycruiser,47644,5264,171754,14000,0,,demr.png,false,VTOL WEAPON NOTSUB,
odyc,Odyssey,Radar/Sonar Skycruiser,36083,3443,57045,5000,0,,odyc.png,false,ALL WEAPON VTOL NOTSUB,
orcl,Oracle,Radar/Sonar Skycruiser,38023,3511,59993,5000,0,,orcl.png,false,ALL WEAPON VTOL NOTSUB,
ostr,Ostraciser,Heavy Skycruiser,53598,4999,179033,14000,0,,ostr.png,false,ALL WEAPON VTOL NOTSUB,
taln,Talon,Light Skycruiser,19001,2014,44398,7000,0,,taln.png,false,ALL WEAPON VTOL NOTSUB,
andhvytransp,Astra,Heavy container transporter,72000,6400,150000,210000,0,,da_fare.png,false,ALL WEAPON VTOL NOTSUB,
andstarcruiser,Krow,Star Cruiser,72000,6400,150000,21000,0,,andstarcruiser.png,false,ALL WEAPON VTOL NOTSUB,
euffig,Freedom Fighter,Fighter,2687,68,3465,150,,,icufig.png,,OGGETTISTATICI,
euftransp,Bobby,Air Transport,6667,318,16022,1050,0,,euftransp.png,false,ALL NOTLAND MOBILE NOTSUB VTOL NOWEAPON NOTSHIP,
euf_hvytranspcontainer,Astra,Heavy container transporter,72000,6400,150000,210000,0,,euf_hvytranspcontainer.png,false,ALL WEAPON VTOL NOTSUB,
piratesfig,Freedom Fighter,Fighter,2687,68,3465,150,,,icufig.png,,ALL MOBILE WEAPON ANTIGATOR NOTSUB ANTIFLAME ANTIEMG ANTILASER NOTLAND VTOL NOTSHIP,
armatlas,Atlas,Air Transport,1239,64,3850,240,0,,icuatlas.png,false,ALL MOBILE WEAPON NOTLAND ANTIGATOR NOTSUB ANTIFLAME ANTIEMG ANTILASER VTOL NOTSHIP,
armdfly,Dragonfly,Stealthy Armed Transport,6667,318,16022,1050,0,,icudfly.png,false,ALL NOTLAND MOBILE NOTSUB VTOL NOWEAPON NOTSHIP,
corvalk,Valkyrie,Air Transport,1437,74,4122,250,0,,nfavalk.png,false,ALL MOBILE WEAPON NOTLAND ANTIGATOR VTOL ANTIFLAME ANTIEMG ANTILASER NOTSUB NOTSHIP,
andcom,AND Commander,AND Commander,25000,2500,75000,3800,300,,andcom.png,true,ALL WEAPON NOTSUB COMMANDER NOTSHIP NOTAIR SURFACE,andsolar|andwind|andmstor|andestor|andmexun|andlab|andhp|andplat|andrad|andlartic
icucom,ICU Commander,ICU Commander,25000,2500,75000,3000,300,,icucom.png,true,ALL WEAPON NOTSUB COMMANDER NOTSHIP NOTAIR SURFACE,armsolar|icuwind|armmstor|icuestor|icumetex|armmakr|armlab|armvp|armap|armsy|armeyes|armrad|armsonar|armdrag|iculighlturr|armtl|armrl|armfrad|armfrl|armfllt
kicucom,Commander,Commander,25000,2500,75000,3000,300,,kicucom.png,true,ALL COMMANDER WEAPON NOTSUB NOTSHIP NOTAIR SURFACE,armsolar|icuwind|armmstor|icuestor|icumetex|armmakr|armlab|armvp|armap|armsy|armeyes|armrad|armsonar|armdrag|iculighlturr|armtl|armrl|icupcan|armfrad|armfrl|armfllt
knfacom,NFA K-Commander,ICU K-Commander,25000,2500,75000,3000,300,,kicucom.png,true,ALL WEAPON NOTSUB COMMANDER NOTSHIP NOTAIR SURFACE,corsolar|corwin|cormstor|corestor|cormex|cormakr|corlab|corvp|corap|corsy|coreyes|corrad|corsonar|cordrag|corllt|cortl|corrl|nfaacan|corfrad|corfrl|corfllt
nfacom,ICU Commander,NFA Commander,25000,2500,75000,3000,300,,nfacom.png,true,ALL WEAPON NOTSUB COMMANDER NOTSHIP NOTAIR SURFACE,corsolar|corwin|cormstor|corestor|cormex|cormakr|corlab|corvp|corap|corsy|coreyes|corrad|corsonar|cordrag|corllt|cortl|corrl|corfrad|corfrl|corfllt
icucom_u1,ICU Commander LvL1,International Combat Union Commander,25000,2500,75000,7000,300,,icucom.png,true,ALL WEAPON NOTSUB COMMANDER NOTSHIP NOTAIR SURFACE,armsolar|icuwind|armmstor|icuestor|icumetex|armmakr|armlab|armvp|armap|armsy|armeyes|armrad|armsonar|armdrag|iculighlturr|armtl|armrl|armfrad|armfrl|armfllt
icucom_u2,ICU Commander LvL2,International Combat Union Commander,25000,2500,75000,8000,300,,icucom.png,true,ALL WEAPON NOTSUB COMMANDER NOTSHIP NOTAIR SURFACE,armsolar|icuwind|armmstor|icuestor|icumetex|armmakr|armlab|armvp|armap|armsy|armeyes|armrad|armsonar|armdrag|iculighlturr|armtl|armrl|armfrad|armfrl|armfllt
icucom_u3,ICU Commander LvL3,International Combat Union Commander,25000,2500,75000,10000,300,,icucom.png,true,ALL WEAPON NOTSUB COMMANDER NOTSHIP NOTAIR SURFACE,armsolar|icuwind|armmstor|icuestor|icumetex|armmakr|armlab|armvp|armap|armsy|armeyes|armrad|armsonar|armdrag|iculighlturr|armtl|armrl|armfrad|armfrl|armfllt
icucom_u4,ICU Commander LvL4,International Combat Union Commander,25000,2500,75000,15000,300,,icucom.png,true,ALL WEAPON NOTSUB COMMANDER NOTSHIP NOTAIR SURFACE,armsolar|icuwind|armmstor|icuestor|icumetex|armmakr|armlab|armvp|armap|armsy|armeyes|armrad|armsonar|armdrag|iculighlturr|armtl|armrl|armfrad|armfrl|armfllt
icudecom,ICU Commander,Decoy Commander,12085,705,26941,3000,150,,icucom.png,true,ALL WEAPON NOTSUB NOTSHIP NOTAIR SURFACE,
nfacom_u1,NFA Commander LvL1,Commander,25000,2500,75000,7000,300,,CORCOM.DDS,true,ALL WEAPON COMMANDER NOTSUB NOTSHIP NOTAIR SURFACE,corsolar|corwin|cormstor|corestor|cormex|cormakr|corlab|corvp|corap|corsy|coreyes|corrad|corsonar|cordrag|corllt|cortl|corrl|corfrad|corfrl|corfllt
nfacom_u2,NFA Commander LvL2,Commander,25000,2500,75000,8000,300,,CORCOM.DDS,true,ALL WEAPON COMMANDER NOTSUB NOTSHIP NOTAIR SURFACE,corsolar|corwin|cormstor|corestor|cormex|cormakr|corlab|corvp|corap|corsy|coreyes|corrad|corsonar|cordrag|corllt|cortl|corrl|corfrad|corfrl|corfllt
nfacom_u3,NFA Commander LvL3,Commander,25000,2500,75000,10000,300,,CORCOM.DDS,true,ALL WEAPON COMMANDER NOTSUB NOTSHIP NOTAIR SURFACE,corsolar|corwin|cormstor|corestor|cormex|cormakr|corlab|corvp|corap|corsy|coreyes|corrad|corsonar|cordrag|corllt|cortl|corrl|corfrad|corfrl|corfllt
nfacom_u4,NFA Commander LvL4,Commander,25000,2500,75000,15000,300,,CORCOM.DDS,true,ALL WEAPON COMMANDER NOTSUB NOTSHIP NOTAIR SURFACE,corsolar|corwin|cormstor|corestor|cormex|cormakr|corlab|corvp|corap|corsy|coreyes|corrad|corsonar|cordrag|corllt|cortl|corrl|corfrad|corfrl|corfllt
nfadecom,NFA Commander,Decoy Commander,12085,705,26941,3000,150,,nfacom.png,true,ALL WEAPON NOTSUB NOTSHIP NOTAIR SURFACE,
andaca,Construction Aircraft,Tech Level 1,4320,105,8844,140,45,,da_fare.png,true,ALL MOBILE NOTLAND NOTSUB ANTIFLAME ANTIGATOR ANTIEMG ANTILASER VTOL NOWEAPON NOTSHIP,andfus|andaafus|andametex|andaestor|andarad|andshield|anddfens|andill|andchaos|andernie|chemist|andlaunch|andangel|andhp|medusa|andahp
andach,Adv. Construction Hovercraft,Hovercraft Constructor,4000,285,12882,1930,140,,andach.png,true,ALL TANK MOBILE WEAPON NOTSUB NOTSHIP NOTAIR SURFACE,andfus|andaafus|andametex|andaestor|andarad|andshield|anddfens|andill|andchaos|andernie|chemist|andlaunch|andangel|andhp|medusa|andahp
andca,Construction Aircraft,Tech Level 1,4320,105,8844,140,45,,andca.png,true,ALL MOBILE NOTLAND NOTSUB ANTIFLAME ANTIGATOR ANTIEMG ANTILASER VTOL NOWEAPON NOTSHIP,andsolar|andwind|andmstor|andestor|andmexun|andmex|andaplat|andahp|andhp|andlab|andplat|andrad|andlartic|andartic|andhartic|andpopaa|andrl|andaa
andch,Construction Hovercraft,Light Hovercraft Constructor,1400,110,3551,600,90,,andch.png,true,ALL TANK MOBILE WEAPON NOTSUB NOTSHIP NOTAIR SURFACE,andsolar|andwind|andmstor|andestor|andmexun|andmex|andahp|andhp|andlab|andplat|andrad|andlartic|andartic|andhartic|andpopaa|andrl|andaa
armaca,Advanced Construction Aircraft,Tech Level 2,31029,2901,27763,2180,180,,icuaca.png,true,ALL NOTLAND MOBILE NOTSUB ANTIFLAME ANTIGATOR ANTIEMG ANTILASER VTOL NOWEAPON NOTSHIP,armfus|amgeo|armgmm|armmoho|armmmkr|armuwadves|armuwadvms|armarad|armveil|armfort|armasp|armtarg|armsd|armgate|armamb|armpb|armanni|armflak|mercury|armamd|armsilo|armbrtha|armvulc|armap|armaap|icufff|advmoho|armfarad|armfamb|armfanni|armfflak|armfmercury
armack,Advanced Construction Kbot,Tech Level 2,4084,290,9432,840,140,,icuack.png,true,KBOT MOBILE ALL NOTSUB NOWEAPON NOTSHIP NOTAIR SURFACE,armfus|armshltx|amgeo|armgmm|armmoho|armmmkr|armuwadves|armuwadvms|armarad|armveil|armfort|armasp|armtarg|armsd|armgate|armamb|armpb|armanni|armflak|mercury|armamd|armsilo|armbrtha|armvulc|armlab|armalab|advmoho|armfarad|armfamb|armfanni|armfflak|armfmercury
armacsub,Advanced Construction Sub,Tech Level 2,7568,695,16565,360,300,,icuacsub.png,true,UNDERWATER ALL NOTLAND MOBILE NOWEAPON NOTAIR,armuwmme|armsy|armasy|armfarad|armfamb|armfanni|armfflak
armacv,Advanced Construction Vehicle,Tech Level 3,5263,431,12397,1860,250,,icuacv.png,true,ALL TANK MOBILE NOTSUB NOWEAPON NOTSHIP NOTAIR SURFACE,armfus|icugant|aafus|amgeo|armgmm|armmoho|armmmkr|armuwadves|armuwadvms|armarad|armveil|armfort|armasp|armtarg|armsd|armgate|armamb|armpb|armanni|armflak|mercury|armamd|armsilo|armbrtha|armvulc|armvp|armavp|advmoho|armfarad|armfamb|armfanni|armfflak|armfmercury
armca,Construction Aircraft,Tech Level 1,4320,105,8844,140,45,,icuca.png,true,ALL MOBILE NOTLAND NOTSUB ANTIFLAME ANTIGATOR ANTIEMG ANTILASER VTOL NOWEAPON NOTSHIP,armsolar|icuadvsol|icuwind|armgeo|armmstor|icuestor|icumetex|armamex|armmakr|armaap|armlab|armvp|armap|armsy|armeyes|armrad|armdrag|iculighlturr|tawf001|armhlt|armguard|armrl|packo|armjamt|armsonar|armtl|armfrad|armfrl|armfllt|armfhlt|armfhllt|armfguard|fpacko
armcs,Construction Ship,Tech Level 1,2130,255,5121,1105,250,,icucs.png,true,ALL NOTLAND MOBILE NOTSUB NOWEAPON SHIP NOTAIR SURFACE,armuwmex|armsy|armasy|armsonar|armtl|armfrad|armfrl|armfllt|armfhlt|armfhllt|armfguard|fpacko
armcv,Construction Vehicle,Tech Level 1,1802,128,4066,1240,90,,icucv.png,true,ALL TANK MOBILE NOTSUB NOWEAPON NOTSHIP NOTAIR SURFACE,armsolar|icuadvsol|icuwind|armgeo|armmstor|icuestor|icumetex|armamex|armmakr|armavp|armlab|armvp|armap|armsy|armeyes|armrad|armdrag|iculighlturr|tawf001|armhlt|armguard|armrl|packo|armjamt|armsonar|armtl|armfrad|armfrl|armfllt|armfhlt|armfhllt|armfguard|fpacko
coraca,Advanced Construction Aircraft,Tech Level 2,8824,231,18001,185,80,,nfaaca.png,true,ALL NOTLAND MOBILE ANTIGATOR NOTSUB ANTIFLAME ANTIEMG ANTILASER VTOL NOWEAPON NOTSHIP,corfus|cmgeo|corbhmth|cormoho|cormexp|cormmkr|coruwadves|coruwadvms|corarad|corshroud|corfort|corasp|cortarg|corsd|corgate|cortoast|corvipe|cordoom|corflak|screamer|corfmd|corsilo|corint|corbuzz|corap|coraap|nfafff|corfarad|corftoast|corfvipe|corfflak
corack,Advanced Construction Kbot,Tech Level 2,4342,319,9709,900,140,,nfaack.png,true,KBOT MOBILE ALL NOTSUB NOWEAPON NOTSHIP NOTAIR SURFACE,corfus|corgant|cmgeo|corbhmth|cormoho|cormexp|cormmkr|coruwadves|coruwadvms|corarad|corshroud|corfort|corasp|cortarg|corsd|corgate|cortoast|corvipe|cordoom|corflak|screamer|corfmd|corsilo|corint|corbuzz|corlab|coralab|corfarad|corftoast|corfvipe|corfdoom|corfflak|corfscreamer
coracsub,Advanced Construction Sub,Tech Level 2,7911,690,17228,370,300,,nfaacsub.png,true,ALL UNDERWATER MOBILE NOTLAND NOWEAPON NOTAIR,coruwmme|coruwadves|coruwadvms|corsy|corasy|corfarad|corfvipe|corfflak|corftoast
coracv,Advanced Construction Vehicle,Tech Level 3,5512,452,12882,1930,250,,nfaacv.png,true,ALL TANK MOBILE NOTSUB NOWEAPON NOTSHIP NOTAIR SURFACE,corfus|cafus|cmgeo|corbhmth|cormoho|cormexp|cormmkr|coruwadves|coruwadvms|corarad|corshroud|corfort|corasp|cortarg|corsd|corgate|cortoast|corvipe|cordoom|corflak|screamer|corfmd|corsilo|corint|corbuzz|corvp|coravp|corfarad|corftoast|corfvipe|corfdoom|corfflak|corfscreamer
corca,Construction Aircraft,Tech Level 1,4580,110,9286,145,45,,nfaca.png,true,ALL MOBILE NOTLAND ANTIGATOR NOTSUB ANTIFLAME ANTIEMG ANTILASER VTOL NOWEAPON NOTSHIP,corsolar|coradvsol|corwin|corgeo|cormstor|corestor|cormex|corexp|cormakr|coraap|corlab|corvp|corap|corsy|cornanotc|coreyes|corrad|cordrag|cormaw|corllt|hllt|corhlt|corpun|corrl|madsam|corjamt|corsonar|cortl|corfrad|corfrl|corfhlt|corfllt|fhllt|corfpun|fmadsam
corck,Construction Kbot,Tech Level 1,1622,113,3551,590,90,,nfack.png,true,KBOT MOBILE ALL NOTSUB NOWEAPON NOTSHIP NOTAIR SURFACE,corsolar|coradvsol|corwin|corgeo|cormstor|corestor|cormex|corexp|cormakr|coralab|corlab|corvp|corap|corsy|cornanotc|coreyes|corrad|cordrag|cormaw|corllt|hllt|corhlt|corpun|corrl|madsam|corjamt|corsonar|cortl|corfrad|corfrl|corfhlt|corfllt|fhllt|corfpun|fmadsam
corcs,Construction Ship,Tech Level 1,2375,260,5537,1150,250,,nfacs.png,true,ALL NOTLAND MOBILE NOTSUB SHIP NOWEAPON NOTAIR SURFACE,coruwmex|coreyes|corsy|corasy|corsonar|cortl|corfrad|corfrl|corfhlt|corfllt|fhllt|corfpun|fmadsam
corcv,Construction Vehicle,Tech Level 1,1979,134,4160,1290,90,,nfacv.png,true,ALL TANK MOBILE NOTSUB NOWEAPON NOTSHIP NOTAIR SURFACE,corsolar|coradvsol|corwin|corgeo|cormstor|corestor|cormex|corexp|cormakr|coravp|corlab|corvp|corap|corsy|cornanotc|coreyes|corrad|cordrag|cormaw|corllt|hllt|corhlt|corpun|corrl|madsam|corjamt|corsonar|cortl|corfrad|corfrl|corfhlt|corfllt|fhllt|corfpun|fmadsam
icuck,Construction Kbot,Tech Level 1,1521,102,3453,540,90,,icuck.png,true,KBOT MOBILE ALL NOTSUB NOWEAPON NOTSHIP NOTAIR SURFACE,armsolar|icuadvsol|icuwind|armgeo|armmstor|icuestor|icumetex|armamex|armmakr|armalab|armlab|armvp|armap|armsy|armeyes|armrad|armdrag|iculighlturr|tawf001|armhlt|armguard|armrl|packo|armjamt|armsonar|armtl|armfrad|armfrl|armfllt|armfhlt|armfhllt|armfguard|fpacko
andaestor,Hardened Energy Storage,Increases Energy Storage (40000),10032,790,20416,11400,0,,andaestor.png,false,ALL NOTSUB NOWEAPON NOTAIR SURFACE,
andestor,NFA Energy Storage,Increases Energy Storage (6000),1659,166,4257,1800,0,,andestor.png,false,ALL NOTLAND NOTSUB NOWEAPON NOTSHIP NOTAIR SURFACE,
andmstor,Metal Storage,Increases Metal Storage (3000),535,305,2925,2658,0,,andmstor.png,false,ALL NOTLAND NOTSUB NOWEAPON NOTSHIP NOTAIR SURFACE,
andwall,Fortification Gate,Electric Gate,4432,980,5705,1263,0,,andwall.png,false,NOWEAPON NOTAIR NOTSUB NOTSHIP SURFACE,
armdrag,Dragon's Teeth,Perimeter Defense,150,10,255,100,0,,icudrag.png,false,ALL NOTLAND NOTSUB NOWEAPON NOTSHIP NOTAIR SURFACE,
armfort,Fortification Wall,Perimeter Defense,675,27,965,100,0,,icufort.png,false,ALL NOTLAND NOTSUB NOWEAPON NOTSHIP NOTAIR SURFACE,
armmakr,Metal Maker,Converts Energy to Metal,1087,1,2605,150,0,,icumakr.png,false,ALL NOTLAND NOTSUB NOWEAPON NOTSHIP NOTAIR SURFACE,
armmmkr,Moho Metal Maker,Converts Energy to Metal,19350,358,34980,400,0,,icummkr.png,false,ALL NOTLAND NOTSUB NOWEAPON NOTSHIP NOTAIR SURFACE,
armmstor,Metal Storage,Increases Metal Storage (3000),535,305,2925,2658,0,,icumstor.png,false,ALL NOTLAND NOTSUB NOWEAPON NOTSHIP NOTAIR SURFACE,
armtarg,Targeting Facility,Enhanced Radar Targeting,6802,757,8707,1900,0,,icutarg.png,false,ALL NOTLAND NOTSUB NOWEAPON NOTSHIP NOTAIR SURFACE,
armuwadves,Hardened Energy Storage,Increases Energy Storage (40000),10094,773,20302,10500,0,,icuuwadves.png,false,ALL NOTSUB NOWEAPON NOTAIR SURFACE,
armuwadvms,Hardened Metal Storage,Increases Metal Storage (10000),10493,705,20391,9300,0,,icuuwadvms.png,false,ALL NOTSUB NOWEAPON NOTAIR SURFACE,
cordrag,Dragon's Teeth,Perimeter Defense,150,10,255,100,0,,nfadrag.png,false,ALL NOTLAND NOTSUB NOWEAPON NOTSHIP NOTAIR SURFACE,
corestor,NFA Energy Storage,Increases Energy Storage (6000),1659,166,4257,1800,0,,nfaestor.png,false,ALL NOTLAND NOTSUB NOWEAPON NOTSHIP NOTAIR SURFACE,
corfort,Fortification Wall,Perimeter Defense,612,23,810,100,0,,nfafort.png,false,ALL NOTLAND NOTSUB NOWEAPON NOTSHIP NOTAIR SURFACE,
cormakr,Metal Maker,Converts Energy to Metal,1156,1,2682,150,0,,nfamakr.png,false,ALL NOTLAND NOTSUB NOWEAPON NOTSHIP NOTAIR SURFACE,
cormmkr,Moho Metal Maker,Converts Energy to Metal,18928,351,31253,500,0,,nfammkr.png,false,ALL NOTLAND NOTSUB NOWEAPON NOTSHIP NOTAIR SURFACE,
cormstor,Metal Storage,Increases Metal Storage (3000),550,320,2925,2612,0,,nfamstor.png,false,ALL NOTLAND NOTSUB NOWEAPON NOTSHIP NOTAIR SURFACE,
cortarg,Targeting Facility,Enhanced Radar Targeting,7058,749,10898,1800,0,,nfatarg.png,false,ALL NOTLAND NOTSUB NOWEAPON NOTSHIP NOTAIR SURFACE,
coruwadves,Hardened Energy Storage,Increases Energy Storage (40000),10032,790,20416,11400,0,,nfauwadves.png,false,ALL NOTSUB NOWEAPON NOTAIR SURFACE,
coruwadvms,Hardened Metal Storage,Increases Metal Storage (10000),10400,710,20524,10050,0,,nfauwadvms.png,false,ALL NOTSUB NOWEAPON NOTAIR SURFACE,
eufestor,EUF Energy Storage,Increases Energy Storage (6000),1592,159,4119,1700,0,,eufestor.png,false,ALL NOTLAND NOTSUB NOWEAPON NOTSHIP NOTAIR SURFACE,
eufhq,EUF HQ,EUF headquarters,600,54,1137,10000,0,,eufhq.png,false,OGGETTISTATICI,
eufmstor,Metal Storage,Increases Metal Storage (3000),535,305,2925,2658,0,,eufmstor.png,false,ALL NOTLAND NOTSUB NOWEAPON NOTSHIP NOTAIR SURFACE,
euf_fence_gate,Fortification Gate,Electric Gate,4432,980,5705,1263,0,,euf_fence_gate.png,true,ARM NOWEAPON NOTAIR NOTSUB NOTSHIP SURFACE,
euf_fence_wall,Fortification Gate,Electric Gate,300,140,1600,1263,0,,euf_fence_wall.png,false,NOWEAPON NOTAIR NOTSUB NOTSHIP SURFACE,
icuestor,ICU Energy Storage,Increases Energy Storage (6000),1592,159,4119,1700,0,,icuestor.png,false,ALL NOTLAND NOTSUB NOWEAPON NOTSHIP NOTAIR SURFACE,
andaa,Ints,Pop-Up Missile Battery,5357,338,5810,1200,,,da_fare.png,,ALL NOTLAND WEAPON NOTSUB NOTSHIP NOTAIR NOTHOVER SURFACE,
andchaos,Chaos Machine,Heavy-Duty Stunner,12968,1584,18575,2060,0,,andchaos.png,false,ALL NOTLAND WEAPON NOTSUB NOTSHIP NOTAIR SURFACE,
anddfens,D-FENS,Defensive-Fusillade Energy Nullifying System,11327,2463,16765,3862,0,,anddfens.png,false,ALL NOTLAND WEAPON NOTSUB NOTSHIP NOTAIR SURFACE,
andernie,Ernie,Long Range Plasma and Anti Air Cannon,84680,7384,89185,2250,0,,da_fare.png,false,NOTAIR NOTSUB SURFACE,
andill,Illuminator,Rapid-Firing Plasma Beam Defense Tower,12000,3500,100000,2400,0,,andill.png,false,ALL NOTLAND WEAPON NOTSUB NOTSHIP NOTAIR SURFACE,
andlartic,LLT,Light Laser Tower,652,84,2724,585,0,,andlartic.png,false,ALL NOTLAND WEAPON NOTSUB NOTSHIP NOTAIR SURFACE,
andlaunch,Orbital Laser,Launch Facility,2686524,120965,1774578,4651,0,,andlaunch.png,false,ALL NOTLAND WEAPON NOTSUB NOTSHIP NOTAIR SURFACE,
andpopaa,Controller,Pop-up Anti-Air Missile Launcher,11788,735,20800,1600,0,,andpopaa.png,false,ALL NOTLAND WEAPON NOTSUB NOTSHIP NOTAIR NOTHOVER SURFACE,
andrl,System AA,Anti-air Tower,805,76,1749,300,,,da_fare.png,,ALL NOTLAND WEAPON NOTSUB NOTSHIP NOTAIR NOTHOVER SURFACE,
andshield,Shield,Plasma Deflector,62191,3532,54139,3000,0,,andshield.png,false,ALL NOTLAND NOTSUB NOWEAPON NOTSHIP NOTAIR SURFACE,
armamb,Ambusher,Cloakable Heavy Plasma Cannon,16821,2342,27072,3600,0,,ICUAMB.PNG,false,ALL NOTLAND WEAPON NOTSUB NOTSHIP NOTAIR SURFACE,
armamd,Protector,Anti-Nuke System,59439,1437,95678,3300,0,,icuamd.png,false,ALL NOTLAND WEAPON NOTSUB NOTSHIP NOTAIR SURFACE,
armanni,Annihilator,Tachyon Accelerator,62563,2985,52071,5500,0,,icuanni.png,false,ALL NOTLAND WEAPON NOTSUB NOTSHIP NOTAIR SURFACE,
armbrtha,Big Bertha,Long Range Plasma Cannon,60680,4184,85185,4200,0,,icuBRTHA.png,false,ALL NOTLAND WEAPON NOTSUB NOTSHIP NOTAIR SURFACE,
armfamb,Ambusher,Cloakable Heavy Plasma Cannon,16821,2342,27072,3600,0,,icufamb.png,false,ALL NOTLAND WEAPON NOTSUB NOTSHIP NOTAIR SURFACE,
armfanni,Annihilator,Tachyon Accelerator,62563,2985,52071,5500,0,,icufanni.png,false,ALL NOTLAND WEAPON NOTSUB NOTSHIP NOTAIR SURFACE,
armfflak,Floating Flakker,Floating Anti-Air Flak Gun,12198,769,19005,1575,,,icufflak.png,,ALL NOTLAND WEAPON NOTSUB NOTSHIP NOTAIR NOTHOVER SURFACE,
armfguard,Guardian,Medium Range Plasma Battery,11687,1645,21377,2760,0,,icufguard.png,false,ALL NOTLAND WEAPON NOTSUB NOTSHIP NOTAIR SURFACE,
armfhllt,Beamer,Beam Laser Turret,1434,176,5324,1290,0,,icufhllt.png,false,ALL WEAPON NOTSUB NOTAIR SURFACE,
armfhlt,Sentinel,Heavy Laser Floating Tower,4398,414,9575,2325,0,,icufhlt.png,false,ALL NOTLAND WEAPON NOTSUB NOTSHIP NOTAIR SURFACE,
armflak,Flakker,Anti-Air Flak Gun,12198,769,19005,1575,,,icuflak.png,,ALL NOTLAND WEAPON NOTSUB NOTSHIP NOTAIR NOTHOVER SURFACE,
armfllt,ICU LLT,Light Laser Tower,637,81,2662,560,0,,icufllt.png,false,ALL NOTLAND WEAPON NOTSUB NOTSHIP NOTAIR SURFACE,
armfmercury,Mercury,Long-Range Missile Tower,32802,1572,27190,2250,,,icufmercury.png,,ALL WEAPON NOTSUB SPECIAL NOTAIR NOTHOVER SURFACE,
armfrl,Defender,Anti-air Tower,843,79,1843,295,,,icufrl.png,,ALL NOTLAND WEAPON NOTSUB NOTSHIP NOTAIR NOTHOVER SURFACE,
armgate,Keeper,Plasma Deflector,62191,3532,54139,3000,0,,icugate.png,false,ALL NOTLAND NOTSUB NOWEAPON NOTSHIP NOTAIR SURFACE,
armguard,Guardian,Medium Range Plasma Battery,11687,1645,21377,2760,0,,icuguard.png,false,ALL NOTLAND WEAPON NOTSUB NOTSHIP NOTAIR SURFACE,
armhlt,Sentinel,Heavy Laser Tower,4398,414,9575,2325,0,,icuhlt.png,false,ALL NOTLAND WEAPON NOTSUB NOTSHIP NOTAIR SURFACE,
armpb,Pit Bull,Pop-up Gauss Cannon,12896,638,14961,2531,,,icupb.png,false,ALL NOTLAND WEAPON NOTSUB NOTSHIP NOTAIR SURFACE,
armrl,Defender,Anti-air Tower,843,79,1843,295,,,icurl.png,,ALL NOTLAND WEAPON NOTSUB NOTSHIP NOTAIR NOTHOVER SURFACE,
armsd,Tracer,Intrusion Countermeasure System,6739,661,11877,2400,,,icusd.png,,ALL NOTLAND NOTSUB NOWEAPON NOTSHIP NOTAIR SURFACE,
armsilo,Retaliator,Nuclear ICBM Launcher,84268,7625,178453,5300,0,,icusilo.png,false,ALL NOTLAND WEAPON NOTSUB NOTSHIP NOTAIR SURFACE,
armtl,Harpoon,Torpedo Launcher,2058,302,4120,1450,0,,icutl.png,false,ALL NOTLAND WEAPON NOTSUB NOTSHIP NOTAIR SURFACE,
armvulc,Vulcan,Rapid-Fire Long-Range Plasma Cannon,503644,33890,672961,34440,0,,icuvulc.png,false,ALL NOTLAND WEAPON NOTSUB NOTSHIP NOTAIR SURFACE,
chemist,Screamer,Long-Range Missile Tower,40362,1762,26280,2355,,,chemist.png,,ALL WEAPON NOTSUB SPECIAL NOTAIR NOTHOVER SURFACE,
corbuzz,Buzzsaw,Rapid-Fire Long-Range Plasma Cannon,481404,32460,680630,34960,0,,nfabuzz.png,false,ALL NOTLAND WEAPON NOTSUB NOTSHIP NOTAIR SURFACE,
cordoom,Doomsday Machine,Energy Weapon,22599,2478,55276,10000,0,,nfadoom.png,false,ALL NOTLAND WEAPON NOTSUB NOTSHIP NOTAIR SURFACE,
corfflak,Cobra,Floating Anti-Air Flak Gun,13297,792,20112,1655,,,nfafflak.png,,ALL NOTLAND WEAPON NOTSUB NOTSHIP NOTAIR NOTHOVER SURFACE,
corfhlt,Gaat Gun,Heavy Laser Tower,4443,449,9622,2475,0,,nfafhlt.png,false,ALL NOTLAND WEAPON NOTSUB NOTSHIP NOTAIR SURFACE,
corflak,Cobra,Anti-Air Flak Gun,13297,792,20112,1655,,,nfaflak.png,,ALL NOTLAND WEAPON NOTSUB NOTSHIP NOTAIR NOTHOVER SURFACE,
corfllt,LLT,Light Laser Tower,652,84,2724,585,0,,nfafllt.png,false,ALL NOTLAND WEAPON NOTSUB NOTSHIP NOTAIR SURFACE,
corfmd,Fortitude,Anti-Nuke System,64321,1508,96450,3280,0,,nfafmd.png,false,ALL NOTLAND WEAPON NOTSUB NOTSHIP NOTAIR SURFACE,
corfpun,Pit,Medium Range Plasma Battery,12585,1727,19268,2940,0,,nfafpun.png,false,ALL NOTLAND WEAPON NOTSUB NOTSHIP NOTAIR SURFACE,
corfrl,Pulverizer,Floating Anti-air Tower,805,76,1749,300,,,nfafrl.png,,ALL NOTLAND WEAPON NOTSUB NOTSHIP NOTAIR NOTHOVER SURFACE,
corftoast,Toaster,Heavy Plasma Cannon,16115,2318,25717,3840,0,,nfaftoast.png,false,ALL NOTLAND WEAPON NOTSUB NOTSHIP NOTAIR SURFACE,
corgate,Overseer,Plasma Deflector,63833,3736,57166,3200,0,,nfagate.png,false,ALL NOTLAND NOTSUB NOWEAPON NOTSHIP NOTAIR SURFACE,
corhlt,Gaat Gun,Heavy Laser Tower,4443,449,9622,2475,0,,nfahlt.png,false,ALL NOTLAND WEAPON NOTSUB NOTSHIP NOTAIR SURFACE,
corint,Intimidator,Long Range Plasma Cannon,62520,4328,93237,4600,0,,nfaint.png,false,ALL NOTLAND WEAPON NOTSUB NOTSHIP NOTAIR SURFACE,
corllt,LLT,Light Laser Tower,652,84,2724,585,0,,nfallt.png,false,ALL NOTLAND WEAPON NOTSUB NOTSHIP NOTAIR SURFACE,
cormaw,Dragon's Maw,Pop-up Flamethrower Turret,1412,273,4419,1100,0,,nfamaw.png,false,ALL NOTLAND WEAPON NOTSUB NOTSHIP NOTAIR SURFACE,
corpun,Pit,Medium Range Plasma Battery,12585,1727,19268,2940,0,,nfapun.png,false,ALL NOTLAND WEAPON NOTSUB NOTSHIP NOTAIR SURFACE,
corrl,Pulverizer,Anti-air Tower,805,76,1749,300,,,nfarl.png,,ALL NOTLAND WEAPON NOTSUB NOTSHIP NOTAIR NOTHOVER SURFACE,
corsd,Nemesis,Intrusion Countermeasure System,6363,698,11955,2500,,,nfasd.png,,ALL NOTLAND NOTSUB NOWEAPON NOTSHIP NOTAIR SURFACE,
corsilo,Silencer,Nuclear ICBM Launcher,77536,7187,181243,5560,0,,nfasilo.png,false,ALL NOTLAND WEAPON NOTSUB NOTSHIP NOTAIR SURFACE,
cortl,Urchin,Torpedo Launcher,2058,316,4233,1520,0,,nfatl.png,false,ALL NOTLAND WEAPON NOTSHIP NOTSUB SPECIAL NOTAIR SURFACE,
cortoast,Toaster,Heavy Plasma Cannon,16115,2318,25717,3840,0,,nfatoast.png,false,ALL NOTLAND WEAPON NOTSUB NOTSHIP NOTAIR SURFACE,
eufflakker,Flakker,Anti-Air Flak Gun,17425,1069,28508,2286,0,,da_fare.png,false,NOTAIR NOTSUB SURFACE,
eufloony,Lunatic,Pop-up Rocket Battery,6298,702,13525,1100,,,eufloony.png,false,ALL NOTLAND WEAPON NOTSUB NOTSHIP NOTAIR SURFACE,
eufpath,Psychopath,Heavy Gatling Tower,4598,514,10575,2500,,,eufpath.png,false,ALL NOTLAND WEAPON NOTSUB NOTSHIP NOTAIR SURFACE,
eufpathsmall,Psychopath,Light Gatling Tower,652,84,2724,600,,,eufpathsmall.png,false,ALL NOTLAND WEAPON NOTSUB NOTSHIP NOTAIR SURFACE,
eufsnpr,Sniper Tower,Sniper Tower,5098,1092,11005,1000,,,eufsnpr.png,false,ALL NOTLAND WEAPON NOTSUB NOTSHIP NOTAIR SURFACE,
fhllt,fhllt,Anti-Swarm Double LLT,1467,185,5448,1500,0,,fhllt.png,false,ALL NOTLAND WEAPON NOTSUB NOTSHIP NOTAIR SURFACE,
fmadsam,SAM,Hardened Missile Battery,5750,295,5237,2500,,,nfafmadsam.png,,ALL NOTLAND WEAPON NOTSUB NOTSHIP NOTAIR NOTHOVER SURFACE,
fpacko,Pack0,Floating pop-Up Missile Battery,5357,338,5810,1200,,,fpacko.png,,ALL NOTLAND WEAPON NOTSUB NOTSHIP NOTAIR NOTHOVER SURFACE,
hllt,HLLT,Anti-Swarm Double LLT,1467,185,5448,1500,0,,hllt.png,false,ALL NOTLAND WEAPON NOTSUB NOTSHIP NOTAIR SURFACE,
iculighlturr,ICU LLT,Light Laser Tower,637,81,2662,560,0,,icullt.png,false,ALL NOTLAND WEAPON NOTSUB NOTSHIP NOTAIR SURFACE,
icupcan,Patroller Cannon,Patroller Cannon,8000,960,45000,4200,0,,icupcan.png,false,ALL NOTSUB NOTVTOL WEAPON SURFACE,
madsam,SAM,Hardened Missile Battery,5750,295,5237,2500,,,nfamadsam.png,,ALL NOTLAND WEAPON NOTSUB NOTSHIP NOTAIR NOTHOVER SURFACE,
mercury,Mercury,Long-Range Missile Tower,32802,1572,27190,2250,,,icumercury.png,,ALL WEAPON NOTSUB SPECIAL NOTAIR NOTHOVER SURFACE,
nfaacan,Ak Cannon,Ak Cannon,8000,960,45000,4200,0,,nfaacan.png,false,ALL NOTHOVER NOTVTOL NOTSUB NOTVTOL WEAPON SURFACE,
packo,Pack0,Pop-Up Missile Battery,5357,338,5810,1200,,,packo.png,,ALL NOTLAND WEAPON NOTSUB NOTSHIP NOTAIR NOTHOVER SURFACE,
screamer,Screamer,Long-Range Missile Tower,40362,1762,26280,2355,,,nfascreamer.png,,ALL WEAPON NOTSUB SPECIAL NOTAIR NOTHOVER SURFACE,
tawf001,Beamer,Beam Laser Turret,1434,176,5324,1290,0,,tawf001.png,false,ALL WEAPON NOTSUB NOTAIR SURFACE,
aafus,Advanced Fusion Reactor,Enhanced Energy Output / Storage,64115,9109,157529,7150,0,,AAFUS.PNG,false,ALL NOTSUB NOWEAPON SPECIAL NOTAIR SURFACE,
amgeo,Moho Geothermal Powerplant,Hazardous Energy Source,24852,1520,33152,3240,0,,icuamgeo.png,false,ALL NOTSUB NOWEAPON NOTAIR SURFACE,
andaafus,Advanced Fusion Reactor,Enhanced Energy Output / Storage,64115,9109,157529,9150,0,,andaafus.png,false,ALL NOTSUB NOWEAPON SPECIAL NOTAIR SURFACE,
andadvsol,ICU Advanced Solar Collector,Produces Energy,4725,343,7945,1020,0,,da_fare.png,false,ALL NOTSUB NOWEAPON NOTAIR SURFACE,
andfus,Fusion Reactor,Produces Energy / Storage,19846,4004,70014,4000,0,,andfus.png,false,ALL NOTLAND NOTSUB NOWEAPON NOTSHIP NOTAIR SURFACE,
andsolar,Solar Collector,Produces Energy,0,141,2766,320,0,,andsolar.png,false,ALL NOTLAND NOTSUB NOWEAPON NOTSHIP NOTAIR SURFACE,
andwind,AND Wind Generator,Produces Energy,162,35,1603,176,0,,andwind.png,false,ALL NOTLAND NOTSUB NOWEAPON NOTSHIP NOTAIR SURFACE,
armfus,Fusion Reactor,Produces Energy / Storage,19846,4004,70014,4000,0,,icufus.png,false,ALL NOTLAND NOTSUB NOWEAPON NOTSHIP NOTAIR SURFACE,
armgeo,Geothermal Powerplant,Produces Energy / Storage,12568,520,13078,1750,0,,icugeo.png,false,ALL NOTLAND NOTSUB NOWEAPON NOTSHIP NOTAIR SURFACE,
armgmm,Prude,Safe Geothermal Powerplant,24230,1058,41347,12500,0,,icugmm.PNG,false,ALL NOTLAND NOTSUB NOWEAPON NOTSHIP NOTAIR SURFACE,
armsolar,Solar Collector,Produces Energy,0,145,2845,306,0,,icusolar.png,false,ALL NOTLAND NOTSUB NOWEAPON NOTSHIP NOTAIR SURFACE,
cafus,Advanced Fusion Reactor,Enhanced Energy Output / Storage,44730,9107,158390,8500,0,,nfaafus.png,false,ALL NOTSUB NOWEAPON SPECIAL NOTAIR SURFACE,
cmgeo,Moho Geothermal Powerplant,Hazardous Energy Source,24568,1420,32078,3720,0,,nfacmgeo.png,false,ALL NOTSUB NOWEAPON NOTAIR SURFACE,
coradvsol,Advanced Solar Collector,Produces Energy,3703,348,8143,1080,0,,nfaadvsol.png,false,ALL NOTSUB NOWEAPON NOTAIR SURFACE,
corbhmth,Behemoth,Geothermal Plasma Battery,32428,2949,59640,7500,0,,nfabhmth.png,false,ALL NOTLAND NOTSUB WEAPON NOTSHIP NOTAIR SURFACE,
corfus,Fusion Reactor,Produces Energy / Storage,25292,4203,75424,4500,0,,nfafus.png,false,ALL NOTLAND NOTSUB NOWEAPON NOTSHIP NOTAIR SURFACE,
corgeo,Geothermal Powerplant,Produces Energy / Storage,12375,505,12875,1850,0,,nfageo.png,false,ALL NOTLAND NOTSUB NOWEAPON NOTSHIP NOTAIR SURFACE,
corsolar,Solar Collector,Produces Energy,0,141,2766,320,0,,nfasolar.png,false,ALL NOTLAND NOTSUB NOWEAPON NOTSHIP NOTAIR SURFACE,
corwin,Wind Generator,Produces Energy,163,42,1687,179,0,,nfawin.png,false,ALL NOTLAND NOTSUB NOWEAPON NOTSHIP NOTAIR SURFACE,
eufsolar,Solar Collector,Produces Energy,0,145,2845,306,0,,eufsolar.png,false,ALL NOTLAND NOTSUB NOWEAPON NOTSHIP NOTAIR SURFACE,
icuadvsol,ICU Advanced Solar Collector,Produces Energy,4725,343,7945,1020,0,,icuadvsol.png,false,ALL NOTSUB NOWEAPON NOTAIR SURFACE,
icuwind,ICU Wind Generator,Produces Energy,162,35,1603,176,0,,icuwing.png,false,ALL NOTLAND NOTSUB NOWEAPON NOTSHIP NOTAIR SURFACE,
andalab,Teleport units,Teleport units,1772,723,7151,2800,100,,andincubator2.png,true,ALL PLANT NOTLAND NOTSUB NOWEAPON NOTSHIP NOTAIR SURFACE,andacsp|walker|andogre|exxec|interceptor
andlab,Teleport units,Teleport units,1772,723,7151,2800,100,,andincubator1.png,true,ALL PLANT NOTLAND NOTSUB NOWEAPON NOTSHIP NOTAIR SURFACE,andcsp|andscouter|andspmis|andspaa|anddauber|andbrskr
armaap,Advanced Aircraft Plant,Produces Level 2 Aircraft,26986,3006,20851,3360,200,,icuaap.png,true,ALL PLANT NOTLAND NOTSUB NOWEAPON NOTSHIP NOTAIR SURFACE,armaca|armbrawl|armpnix|armlance|armhawk|armawac|armdfly|blade|armcybr
armalab,Advanced Kbot Lab,Produces Level 2 Kbots,13761,2729,16224,3808,200,,icualab.png,true,ALL NOTLAND PLANT NOTSUB NOWEAPON NOTSHIP NOTAIR SURFACE,armack|armfast|armzeus|armmav|armsptk|armfido|armsnipe|icufboy|armaak|icudecom|armmark|armscab
armap,Aircraft Plant,Produces Level 1 Aircraft,1370,850,7240,1850,100,,icuap.png,true,ALL NOTLAND PLANT NOTSUB NOWEAPON NOTSHIP NOTAIR SURFACE,armca|armpeep|armfig|armthund|armatlas|armkam
armasy,Advanced Shipyard,Produces Level 2 Ships,10096,3432,15972,4512,200,,icuasy.png,true,ALL NOTLAND PLANT NOTSUB NOWEAPON NOTSHIP NOTAIR SURFACE,armacsub|armsubk|armaas|armcrus|armbats|armmship|aseadragon|armcarry
armavp,Advanced Vehicle Plant,Produces Level 2 Vehicles,13440,2698,17940,4296,200,,icuavp.png,true,ALL NOTLAND PLANT NOTSUB NOWEAPON NOTSHIP NOTAIR SURFACE,armacv|armcroc|armlatnk|icubull|armst|armmart|armmerl|armmanni|armyork|icuseer|armjam|armcamp
armlab,Kbot Lab,Produces Level 1 Kbots,1130,605,6760,2690,100,,ICULAB.png,true,ALL PLANT NOTLAND NOTSUB NOWEAPON NOTSHIP NOTAIR SURFACE,icuck|icupatroller|icurock|icuinv|armjeth|icuwar
armshltx,Experimental Gantry,Produces Level 3 Units,54540,7396,61380,14400,600,,icushltx.png,true,ALL PLANT NOTSUB NOWEAPON NOTAIR SURFACE,icuraz|warhammer|icufurie
armsy,Shipyard,Produces Level 1 Ships,775,615,6050,2990,100,,icusy.png,true,ALL PLANT NOTLAND NOTSUB NOWEAPON NOTSHIP NOTAIR SURFACE,armcs|armsub|armpt|decade|armroy
armvp,Vehicle Plant,Produces Level 1 Vehicles,1853,743,7192,2780,100,,icuvp.png,true,ALL PLANT NOTLAND NOTSUB NOWEAPON NOTSHIP NOTAIR SURFACE,armcv|armfav|icuflash|armpincer|armstump|tawf013|icujanus|armsam
blab,Saitan's Lair,Builds encryp family,25748,15485,3912,5298,350,,,true,CORE PLANT CTRL_F LEVEL3 NOWEAPON NOTAIR NOTSUB,
coraap,Advanced Aircraft Plant,Produces Level 2 Aircraft,26571,2979,20678,3520,200,,nfaaap.png,true,ALL PLANT NOTLAND NOWEAPON NOTSUB NOTSHIP NOTAIR SURFACE,coraca|corape|corhurc|cortitan|corvamp|corawac|corcrw
coralab,Advanced Kbot Lab,Produces Level 2 Kbots,15232,2681,16819,4072,200,,nfaalab.png,true,ALL PLANT NOTLAND NOWEAPON NOTSUB NOTSHIP NOTAIR SURFACE,corack|nfapyro|corcan|corsumo|cormort|corhrk|coraak|corvoyr|corspy|corspec
corap,Aircraft Plant,Produces Level 1 Aircraft,1340,830,7180,1925,100,,nfaap.png,true,ALL PLANT NOTLAND NOWEAPON NOTSUB NOTSHIP NOTAIR SURFACE,corca|corfink|corveng|corshad|corvalk|bladew
corasy,Advanced Shipyard,Produces Level 2 Ships,10763,3345,15696,4416,200,,nfaasy.png,true,ALL PLANT NOTLAND NOWEAPON NOTSUB NOTSHIP NOTAIR SURFACE,coracsub|corshark|corssub|corarch|corcrus|corbats|corblackhy|corcarry|corsjam
coravp,Advanced Vehicle Plant,Produces Level 2 Vehicles,14784,2647,18492,4628,200,,nfaavp.png,true,ALL PLANT NOTLAND NOWEAPON NOTSUB NOTSHIP NOTAIR SURFACE,coracv|corseal|nfareap|corparrow|nfagol|tawf114|cormart|corvroc|corsent|cormabm|coreter|nfavrad
corgant,Experimental Gantry,Produces Level 3 Units,58524,7848,67321,16000,600,,nfagant.png,true,ALL PLANT NOTLAND NOWEAPON NOTSUB NOTSHIP NOTAIR SURFACE,nfakarg|nfacoug|corkrog|armraven|gorg
corlab,Kbot Lab,Produces Level 1 Kbots,1250,580,7000,2600,100,,nfalab.png,true,ALL PLANT NOTLAND NOWEAPON NOTSUB NOTSHIP NOTAIR SURFACE,corck|nfaak|nfastorm|nfathud|corcrash
corsy,Shipyard,Produces Level 1 Ships,750,600,6000,2990,100,,nfasy.png,true,ALL PLANT NOTSUB NOWEAPON NOTAIR SURFACE,corcs|corsub|corpt|coresupp|corroy
corvp,Vehicle Plant,Produces Level 1 Vehicles,1772,723,7151,2650,100,,nfavp.png,true,ALL PLANT NOTLAND NOWEAPON NOTSUB NOTSHIP NOTAIR SURFACE,corcv|nfafav|nfagator|nfagarp|nfaraid|nfalevlr|corwolv|cormist
eufap,Aircraft Plant,Produces Level 1 Aircraft,1370,850,7240,1850,100,,eufap.png,true,ALL NOTLAND PLANT NOTSUB NOWEAPON NOTSHIP NOTAIR SURFACE,euffig
eufblab,Bio Lab,Produces Clones,756,470,4004,1234,69,,eufblab.png,true,ALL PLANT NOTLAND NOTSUB NOWEAPON NOTSHIP NOTAIR SURFACE,armmedic
euf_harvester_factory,Harvester factory,Harvester Factory,4639,919,14538,11010,0,,euf_harvester_factory.png,false,ALL NOTLAND MOBILE WEAPON NOTSUB SHIP NOTAIR SURFACE,
icufff,Anti-gravity hangar,Builds sky cruisers,21941,5284,80132,4802,400,,icufff.png,true,ALL PLANT NOTLAND NOWEAPON NOTSUB NOTSHIP NOTAIR SURFACE,cirr|orcl|demr
icugant,Tiger Gantry,Builds Tiger,60000,8000,68000,16000,600,,icugant.png,true,ALL PLANT NOTLAND NOWEAPON NOTSUB NOTSHIP NOTAIR SURFACE,armshock|armtigre
nfafff,Anti-gravity hangar,Builds very large aircraft,21520,5345,80210,5200,400,,nfafff.png,true,ALL PLANT NOTLAND NOTSUB NOWEAPON NOTSHIP NOTAIR SURFACE,taln|odyc|ostr
andahp,Adv. Hovercraft Platform,Builds Level 2 Hovercraft,14000,3607,18492,5205,200,,andahp.png,true,ALL PLANT NOTLAND NOWEAPON NOTSUB NOTSHIP NOTAIR SURFACE,andach|androck|andtanko|andtesla|andnikola|andahaa
andahp_nocostr,Adv. Hovercraft Platform,Builds Level 2 Hovercraft,14000,3607,18492,5205,200,,andahp_noconstr.png,true,ALL PLANT NOTLAND NOWEAPON NOTSUB NOTSHIP NOTAIR SURFACE,androck|andtanko|andtesla|andnikola|andahaa
andhp,Hovercraft vehicles lvl1,Builds Hovercraft,1772,723,7151,2800,100,,andhp.png,true,ALL PLANT NOTLAND NOWEAPON NOTSUB NOTSHIP NOTAIR SURFACE,andch|andgaso|andlipo|andmisa|andhart
andhp_noai,Hovercraft vehicles lvl1,Builds Hovercraft,1772,723,7151,2800,100,,andhpnoai.png,true,ALL PLANT NOTLAND NOWEAPON NOTSUB NOTSHIP NOTAIR SURFACE,andch|andgaso|andlipo|andmisa|andgaso_noai|andlipo_noai|andmisa_noai|andhart|andhart_noai
andhp_nocostr,Hovercraft vehicles lvl1,Builds Hovercraft,1772,723,7151,2800,100,,andhp_nocostr.png,true,ALL PLANT NOTLAND NOWEAPON NOTSUB NOTSHIP NOTAIR SURFACE,andgaso|andlipo|andmisa|andhart
andincubator1,Teleport units,Teleport units,1772,723,7151,2800,100,,andincubator1.png,true,ALL PLANT NOTLAND NOTSUB NOWEAPON NOTSHIP NOTAIR SURFACE,andgaso|andlipo|andmisa
andincubator2,Teleport units,Teleport units,1772,723,7151,2800,100,,andincubator2.png,true,ALL PLANT NOTLAND NOTSUB NOWEAPON NOTSHIP NOTAIR SURFACE,andtanko|andtesla|androck
andtorreattacco,Gabriel,Line of death,1772,723,7151,2800,100,,andtorreattacco.png,true,ALL PLANT NOTLAND NOWEAPON NOTSUB NOTSHIP NOTAIR SURFACE,andch|andgaso|andlipo|andmisa
andtorreattacco_anim1,Gabriel,Line of death,1772,723,7151,2800,100,,andtorreattacco.png,true,ALL PLANT NOTLAND NOWEAPON NOTSUB NOTSHIP NOTAIR SURFACE,andch|andgaso|andlipo|andmisa
andtorreattacco_anim2,Gabriel,Line of death,1772,723,7151,2800,100,,andtorreattacco.png,true,ALL PLANT NOTLAND NOWEAPON NOTSUB NOTSHIP NOTAIR SURFACE,andch|andgaso|andlipo|andmisa
andgant,Teleport units,Teleport units,1772,723,7151,16000,100,,andgant.png,true,ALL PLANT NOTLAND NOTSUB NOWEAPON NOTSHIP NOTAIR SURFACE,cordem|conartist|bigb|ebigb|kill2|armpraet
armflea,Flea,Fast Light Scout Kbot,212,21,1000,58,0,,flea_1.png,false,KBOT MOBILE WEAPON ALL NOTSUB NOTSHIP NOTAIR SURFACE,
armfleaa,Accurate Flea,Long Range Kbot,542,81,1000,358,0,,flea_2.png,false,KBOT WEAPON NOTAIR NOTSUB SURFACE,
armfly,Fly,Fast Light Laser Fleaship,514,24,333,72,0,,,false,ALL WEAPON NOTSUB VTOL,
armflyk,Fly bomber,Fly bomber,1000,100,333,101,0,,,false,ALL MOBILE WEAPON NOTLAND ANTIGATOR VTOL ANTIFLAME ANTIEMG ANTILASER NOTSUB NOTSHIP,
juju,Arachno Killer,Spider Hunter,27321,2157,23087,235000,0,,,false,KBOT WEAPON ALL NOTSUB NOTSHIP NOTAIR SURFACE,
mflea,Marco Flea,Killer Kbot,8563,935,4013,1154,0,,,false,KBOT MOBILE WEAPON ALL NOTSUB NOTSHIP NOTAIR SURFACE,
minigoth,mini,Fast Light Scout Kbot,23412,2621,55555,4532,0,,minigoth.jpg,false,KBOT MOBILE WEAPON ALL NOTSUB NOTSHIP NOTAIR SURFACE,
omegaa,Omega Weapon,Omega Energy weapon AA,1185025,62685,2832943,5210,0,,,false,ARM SPECIAL WEAPON LEVEL3 NOTAIR NOTSUB SURFACE,
omegat,Omega Weapon,Omega Energy weapon,1185025,62685,2832943,5210,0,,da_fare.png,false,ARM SPECIAL WEAPON LEVEL3 NOTAIR NOTSUB SURFACE,
order_deathray,Flying DeathLaser,Floating Deathray,1280,58,1333,1337,0,,nfablade.png,,ALL WEAPON SURFACE NOTSUB,
order_drill,Unknown Contraption,Fire-Breathing WallBuster,31212,1551,100000,13543,0,,Order_drill.jpg,false,KBOT MOBILE WEAPON ALL NOTSUB NOTSHIP NOTAIR SURFACE,
order_fork,Spooning Fork,Floating Spaceship,13212,4151,33333,2000,0,,da_fare.png,false,ALL VTOL NOTSHIP,
roost,Unidentified Unit,Gates God-Like Forces,1337.0,500,3315,1800,0,,roost.DDS,,ALL PLANT NOTLAND NOWEAPON NOTSUB NOTSHIP NOTAIR SURFACE,
andahaa,Predator,Heavy Rocket Hovercraft,12477,1129,25000,3500,0,,da_fare.png,false,ALL HOVER MOBILE WEAPON NOTSUB NOTSHIP NOTAIR SURFACE,
andgaso,Gaso,Light Hovercraft,1042,118,2300,693,0,,andgaso.png,false,ALL TANK MOBILE WEAPON NOTSUB NOTSHIP NOTAIR SURFACE,
andgaso_noai,Gaso,Light Hovercraft,1042,118,2300,693,0,,andgaso_noai.png,false,ALL TANK MOBILE WEAPON NOTSUB NOTSHIP NOTAIR SURFACE,
andlipo,Lipo,Light Hovercraft,1042,118,1761,1000,0,,andlipo.png,false,ALL TANK MOBILE WEAPON NOTSUB NOTSHIP NOTAIR SURFACE,
andlipo_noai,Lipo,Light Hovercraft,1042,118,1761,1000,0,,andlipo_noai.png,false,ALL TANK MOBILE WEAPON NOTSUB NOTSHIP NOTAIR SURFACE,
andmisa,Misa,Light Missile hovercraft,2027,140,2945,690,0,,andmisa.png,false,ALL TANK MOBILE WEAPON NOTSUB NOTSHIP NOTAIR SURFACE,
andmisa_noai,Misa,Light Missile hovercraft,2027,140,2945,690,0,,andmisa_noai.png,false,ALL TANK MOBILE WEAPON NOTSUB NOTSHIP NOTAIR SURFACE,
andnikola,Nikola,Heavy Laser Hovercraft,12477,1129,25000,3500,0,,andnikola.png,false,ALL HOVER MOBILE WEAPON NOTSUB NOTSHIP NOTAIR SURFACE,
androck,Rocker,Heavy Rocket Hovercraft,12477,1129,25000,3500,0,,androck.png,false,ALL HOVER MOBILE WEAPON NOTSUB NOTSHIP NOTAIR SURFACE,
andtanko,Tanko,Heavy Cannon Hovercraft,12477,1129,25000,3500,0,,andtanko.png,false,ALL HOVER MOBILE WEAPON NOTSUB NOTSHIP NOTAIR SURFACE,
andtesla,Tesla,Heavy Cannon Hovercraft,12477,1129,25000,3500,0,,andtesla.png,false,ALL HOVER MOBILE WEAPON NOTSUB NOTSHIP NOTAIR SURFACE,
advmoho,Advanced Moho Mine,Advanced Moho Metal Extractor,27000,2100,39640,3000,0,0.0100,icuadvmoho.png,false,ALL NOTLAND NOTSUB NOWEAPON NOTSHIP NOTAIR SURFACE,
andametex,Advanced Moho Mine,Advanced Moho Metal Extractor,27000,2100,39640,3000,0,0.0100,andametex.png,false,ALL NOTLAND NOTSUB NOWEAPON NOTSHIP NOTAIR SURFACE,
andmex,Metal Extractor,Extracts metal,514,51,2100,200,0,0.00175,andmex.png,false,ALL NOTLAND NOTSUB NOWEAPON NOTSHIP NOTAIR SURFACE,
andmexun,Metal Extractor,Extracts metal,514,51,1800,200,0,0.001,,false,ALL NOTLAND NOTSUB NOWEAPON NOTSHIP NOTAIR SURFACE,
armamex,Twilight,Stealthy Cloakable Metal Extractor,2081,159,2611,1450,0,0.0009,icuamex.png,false,ALL NOTSUB NOWEAPON NOTAIR SURFACE,
armmoho,Moho Mine,Advanced Metal Extractor / Storage,7214,582,14938,2500,0,0.004,icumoho.png,false,ALL NOTLAND NOTSUB NOWEAPON NOTSHIP NOTAIR SURFACE,
corexp,Exploiter,Armed Metal Extractor,2264,188,3460,1300,0,0.0009,nfaexp.png,false,ALL NOTLAND ANTIGATOR NOTSUB ANTIEMG NOWEAPON NOTSHIP NOTAIR SURFACE,
cormex,NFA Metal Extractor,Extracts Metal,514,51,1874,175,0,0.001,nfamex.png,false,ALL NOTLAND NOTSUB NOWEAPON NOTSHIP NOTAIR SURFACE,
cormexp,Moho Exploiter,Convertible Metal Extractor,12121,2219,32500,2000,0,0.0035,nfamexp.png,false,ALL NOTLAND WEAPON NOTSUB NOTSHIP NOTAIR SURFACE,
cormoho,Moho Mine,Advanced Metal Extractor / Storage,7677,598,14125,3500,0,0.004,nfamoho.png,false,ALL NOTLAND NOTSUB NOWEAPON NOTSHIP NOTAIR SURFACE,
eufadvmetex,Advanced Moho Mine,Advanced Moho Metal Extractor,27000,2100,39640,3000,0,0.0100,eufadvmetex.png,false,ALL NOTLAND NOTSUB NOWEAPON NOTSHIP NOTAIR SURFACE,
eufametex,EUF Advanced Metal Extractor,Extracts Metal,521,50,1800,170,0,0.001,eufametex.png,false,ALL NOTLAND NOTSUB NOWEAPON NOTSHIP NOTAIR SURFACE,
eufmetex,EUF Metal Extractor,Extracts Metal,521,50,1800,170,0,0.001,eufmetex.png,false,ALL NOTLAND NOTSUB NOWEAPON NOTSHIP NOTAIR SURFACE,
icumetex,ICU Metal Extractor,Extracts Metal,521,50,1800,170,0,0.001,icumetex.png,false,ALL NOTLAND NOTSUB NOWEAPON NOTSHIP NOTAIR SURFACE,
armuwmex,Underwater Metal Extractor,Extracts Metal,674,55,1875,180,0,0.001,icuuwmex.png,false,ALL NOTLAND NOTSUB NOWEAPON NOTSHIP NOTAIR,
armuwmme,Underwater Moho Mine,Advanced Metal Extractor / Storage,9164,601,35370,2053,0,0.004,icuuwmme.png,false,ALL NOTLAND NOTSUB NOWEAPON NOTSHIP NOTAIR,
coruwmex,Underwater Metal Extractor,Extracts Metal,519,56,1887,185,0,0.001,nfauwmex.png,false,ALL NOTLAND NOTSUB NOWEAPON NOTSHIP NOTAIR,
coruwmme,Underwater Moho Mine,Advanced Metal Extractor / Storage,10076,846,34783,2072,0,0.004,nfauwmme.png,false,ALL NOTLAND NOTSUB NOWEAPON NOTSHIP NOTAIR,
armaas,Archer,Anti-Air Ship,7058,658,8628,2360,,,icuaas.png,,ALL NOTLAND MOBILE WEAPON NOTSUB SHIP NOTAIR NOTHOVER SURFACE,
armbats,Millennium,Battleship,20731,5181,58730,15810,0,,icubats.png,false,ALL NOTLAND MOBILE WEAPON NOTSUB SHIP NOTAIR SURFACE,
armcarry,Colossus,Aircraft Carrier with Anti-Nuke,71257,1572,85394,7640,1000,,icucarry.png,true,ALL NOTLAND MOBILE NOTSUB NOWEAPON SHIP NOTAIR SURFACE,
armcrus,Conqueror,Cruiser,13608,1719,19789,4506,0,,icucrus.png,false,ALL NOTLAND MOBILE WEAPON NOTSUB SHIP NOTAIR SURFACE,
armmship,Ranger,Cruise Missile Ship,9804,2648,22317,2200,0,,icumship.png,false,ALL NOTLAND MOBILE WEAPON NOTSUB SHIP NOTAIR SURFACE,
armpt,Skeeter,Scout Boat,985,100,2062,224,0,,icupt.png,false,ALL NOTLAND MOBILE WEAPON NOTSUB SHIP NOTAIR SURFACE,
armroy,Crusader,Destroyer,5671,987,13391,2575,0,,icuroy.png,false,ALL NOTLAND MOBILE WEAPON NOTSUB SHIP NOTAIR SURFACE,
armsub,Lurker,Submarine,3724,651,9894,835,0,,icusub.png,false,UNDERWATER ALL MOBILE WEAPON NOTLAND NOTAIR,
armsubk,Piranha,Submarine Killer,9481,1048,17767,895,0,,icusubk.png,false,UNDERWATER ALL NOTLAND MOBILE WEAPON NOTAIR,
aseadragon,Epoch,Flagship,238406,32122,299523,71250,,,icuseadragon.png,,ALL WEAPON NOTSUB SHIP NOTAIR SURFACE,
corarch,Shredder,Anti-Air Ship,7921,614,9791,2450,,,nfaarch.png,,ALL MOBILE WEAPON NOTLAND SHIP NOTSUB NOTAIR NOTHOVER SURFACE,
corbats,Warlord,Battleship,21941,5404,60640,16685,0,,nfabats.png,false,ALL NOTLAND MOBILE WEAPON SHIP NOTSUB NOTAIR SURFACE,
corblackhy,Black Hydra,Flagship,252321,34585,309264,77500,,,nfablackhy.png,,ALL WEAPON NOTSUB SHIP NOTAIR SURFACE,
corcarry,Hive,Aircraft Carrier with Anti-Nuke,74715,1579,85271,7950,1000,,nfacarry.png,true,ALL NOTLAND MOBILE NOTSUB SHIP NOWEAPON NOTAIR SURFACE,
corcrus,Executioner,Cruiser,13551,1794,19950,4649,0,,nfacrus.png,false,ALL NOTLAND MOBILE WEAPON SHIP NOTSUB NOTAIR SURFACE,
coresupp,Supporter,Corvette,1912,367,6660,1700,0,,nfasupp.png,false,ALL WEAPON SHIP NOTSUB NOTAIR SURFACE,
corpt,Searcher,Scout Boat,917,95,1877,228,,,nfapt.png,,ALL MOBILE WEAPON NOTLAND SHIP NOTSUB NOTAIR NOTHOVER SURFACE,
corroy,Enforcer,Destroyer,5756,1021,13368,2800,0,,nfaroy.png,false,ALL NOTLAND MOBILE WEAPON SHIP NOTSUB NOTAIR SURFACE,
corshark,Shark,Submarine Killer,9245,956,15529,835,0,,nfashark.png,false,ALL UNDERWATER MOBILE WEAPON NOTLAND NOTAIR,
corsjam,Phantom,Radar Jammer Ship,2254,135,7025,570,0,,nfasjam.png,false,ALL NOTLAND MOBILE NOTSUB SHIP NOWEAPON NOTAIR SURFACE,
corssub,Leviathan,Battle Submarine,11940,1757,23007,2320,0,,nfassub.png,false,ALL UNDERWATER MOBILE WEAPON NOTLAND NOTAIR,
corsub,Snake,Submarine,3902,679,9729,835,0,,nfasub.png,false,ALL UNDERWATER MOBILE WEAPON NOTLAND NOTAIR,
decade,Decade,Corvette,2055,378,6525,1650,0,,icudecade.png,false,ALL WEAPON NOTSUB SHIP NOTAIR SURFACE,
andarad,Radar Tower,Adv. Radar System,600,54,1137,81,0,,andarad.png,false,ALL NOTLAND NOTSUB NOWEAPON NOTSHIP NOTAIR SURFACE,
andrad,Radar Tower,Early Warning System,600,54,1137,81,0,,andrad.png,false,ALL NOTLAND NOTSUB NOWEAPON NOTSHIP NOTAIR SURFACE,
armarad,Advanced Radar Tower,Long-Range Radar,17830,525,11800,320,,,icuarad.png,false,ALL NOTLAND NOTSUB NOWEAPON NOTSHIP NOTAIR SURFACE,
armeyes,Dragon's Eye,Perimeter Camera,800,30,1500,250,0,,icu_camera.png,false,ALL NOTLAND NOTSUB NOWEAPON NOTSHIP NOTAIR SURFACE,
armfarad,Advanced Radar Tower,Long-Range Radar,17830,525,11800,320,,,icufarad.png,false,ALL NOTLAND NOTSUB NOWEAPON NOTSHIP NOTAIR SURFACE,
armfrad,Floating Radar Tower,Early Warning System,600,54,1137,81,0,,icufrad.png,false,ALL NOTLAND NOTSUB NOWEAPON NOTSHIP NOTAIR SURFACE,
armjamt,Sneaky Pete,Cloakable Jammer Tower,7945,226,9955,712,0,,icujamt.png,false,ALL NOTSUB NOWEAPON SPECIAL NOTAIR SURFACE,
armrad,Radar Tower,Early Warning System,600,54,1137,81,0,,icurad.png,false,ALL NOTLAND NOTSUB NOWEAPON NOTSHIP NOTAIR SURFACE,
armsonar,Sonar Station,Locates Water Units,403,20,912,50,0,,icusonar.png,false,ALL NOTLAND NOTSUB NOWEAPON NOTSHIP NOTAIR SURFACE,
armveil,Veil,Long-Range Jamming Tower,17501,119,9080,750,0,,icuveil.png,false,ALL NOTLAND NOTSUB NOWEAPON NOTSHIP NOTAIR SURFACE,
corarad,Advanced Radar Tower,Long-Range Radar,17920,522,11960,330,0,,nfaarad.png,false,ALL NOTLAND NOTSUB NOWEAPON NOTSHIP NOTAIR SURFACE,
coreyes,Dragon's Eye,Perimeter Camera,800,30,1500,250,0,,nfaeye.png,false,ALL NOTLAND NOTSUB NOWEAPON NOTSHIP NOTAIR SURFACE,
corfarad,Advanced Radar Tower,Long-Range Radar,17920,522,11960,330,0,,nfafarad.png,false,ALL NOTLAND NOTSUB NOWEAPON NOTSHIP NOTAIR SURFACE,
corfrad,Radar Tower,Early Warning System,600,54,1137,81,0,,nfafrad.png,false,ALL NOTLAND NOTSUB NOWEAPON NOTSHIP NOTAIR SURFACE,
corjamt,Castro,Short-Range Jamming Device,4791,109,4577,960,0,,nfajamt.png,false,ALL NOTSUB NOWEAPON SPECIAL NOTAIR SURFACE,
corrad,Radar Tower,Early Warning System,600,54,1137,81,0,,nfarad.png,false,ALL NOTLAND NOTSUB NOWEAPON NOTSHIP NOTAIR SURFACE,
corshroud,Shroud,Long-Range Jamming Tower,18304,124,9392,800,0,,nfashroud.png,false,ALL NOTLAND NOTSUB NOWEAPON NOTSHIP NOTAIR SURFACE,
corsonar,Sonar Station,Locates Water Units,399,20,900,52,0,,nfasonar.png,false,ALL NOTLAND NOTSUB NOWEAPON NOTSHIP NOTAIR SURFACE,
euf_radar,Radar Tower,Early Warning System,600,54,1137,81,0,,euf_radar.png,false,ALL NOTLAND NOTSUB NOWEAPON NOTSHIP NOTAIR SURFACE,
anddauber,Dauber,Heavy Laser Escort,4265,285,8427,795,0,,anddauber.png,false,KBOT MOBILE WEAPON ALL NOTSUB NOTSHIP NOTAIR SURFACE,
andogre,Ogre,Heavy Amphibious Kbot,33562,2020,50975,14000,0,,,false,KBOT MOBILE WEAPON ALL NOTSUB NOTSHIP NOTAIR SURFACE,
armaak,Archangel,Advanced Amphibious Anti-Air Kbot,5266,483,6958,1020,,,icuaak.png,,KBOT MOBILE WEAPON ALL NOTSUB NOTSHIP NOTAIR NOTHOVER SURFACE,
armfast,Zipper,Fast Raider Kbot,4382,177,3960,620,0,,icufast.png,false,KBOT MOBILE WEAPON ALL NOTSUB NOTSHIP NOTAIR SURFACE,
armfido,Fido,Mortar/Skirmish Kbot,5849,253,7693,1150,0,,ICUFIDO.PNG,false,KBOT MOBILE WEAPON ALL NOTSUB NOTSHIP NOTAIR SURFACE,
armjeth,Jethro,Amphibious Anti-air Kbot,1097,115,1831,570,,,icujeth.png,,KBOT MOBILE WEAPON ALL NOTSUB NOTSHIP NOTAIR NOTHOVER SURFACE,
armmark,Marky,Radar Kbot,1152,95,3800,320,0,,icumark.png,false,KBOT MOBILE ALL NOTSUB NOWEAPON NOTSHIP NOTAIR SURFACE,
armmav,Maverick,Skirmish Kbot (Combat Auto-Repair),12180,655,18384,1120,0,,icumav.png,false,KBOT MOBILE WEAPON ALL NOTSUB NOTSHIP NOTAIR SURFACE,
armpraet,Praetorian,Experimental ICU BioMech,577039,27182,552145,80000,0,,andpraetorian.png,false,KBOT WEAPON ALL NOTSUB NOTSHIP NOTAIR SURFACE,
armraven,Catapult,Heavy Rocket Kbot,75625,4551,126522,5500,0,,nfaraven.png,false,KBOT MOBILE WEAPON ALL ANTIGATOR NOTSUB ANTIEMG NOTSHIP NOTAIR SURFACE,
armsptk,Recluse,All-Terrain Rocket Spider,4200,375,8775,1050,0,,icusptk.png,false,ALL TANK MOBILE WEAPON NOTSUB NOTSHIP NOTAIR SURFACE,
armzeus,Zeus,Assault Kbot,5668,329,7252,2975,0,,icuzeus.png,false,KBOT MOBILE WEAPON ALL NOTSUB NOTSHIP NOTAIR SURFACE,
coraak,Manticore,Heavy Amphibious Anti-Air Kbot,5814,608,7581,1280,,,nfaaak.png,,KBOT MOBILE WEAPON ALL NOTSUB NOTSHIP NOTAIR NOTHOVER SURFACE,
corcan,Can,Armored Assault Kbot,8722,522,11734,4350,0,,nfacan.png,false,KBOT MOBILE WEAPON ALL NOTSUB NOTSHIP NOTAIR SURFACE,
corcrash,Crasher,Amphibious Anti-air Kbot,1101,116,1900,580,,,nfacrash.png,,KBOT MOBILE WEAPON ALL NOTSUB NOTSHIP NOTAIR NOTHOVER SURFACE,
corhrk,Dominator,Heavy Rocket Kbot,5507,560,6591,550,0,,nfahrk.png,false,KBOT MOBILE WEAPON ALL NOTSUB NOTSHIP NOTAIR SURFACE,
corkrog,Krogoth,Experimental Assault Kbot,577039,27182,552145,133700,0,,nfakrog.png,,KBOT WEAPON ALL NOTSUB NOTSHIP NOTAIR SURFACE,
cormort,Morty,Mobile Mortar Kbot,2065,382,5139,850,0,,nfamort.png,false,KBOT MOBILE WEAPON ALL NOTSUB NOTSHIP NOTAIR SURFACE,
corspec,Spectre,Radar Jammer Kbot,1453,70,5439,310,0,,nfaspec.png,false,KBOT MOBILE ALL NOTSUB NOWEAPON NOTSHIP NOTAIR SURFACE,
corspy,Parasite,Radar-Invisible Spy Kbot,11452,156,22247,340,0,,nfaspy.png,false,KBOT MOBILE ALL NOTSUB NOWEAPON NOTSHIP NOTAIR SURFACE,
corsumo,Sumo,Heavily Armored Assault Kbot,33562,2020,50975,14000,0,,nfasumo.png,false,KBOT MOBILE WEAPON ALL NOTSUB NOTSHIP NOTAIR SURFACE,
corvoyr,Voyeur,Radar Kbot,1283,93,3945,350,0,,nfavoyr.png,false,KBOT MOBILE ALL NOTSUB NOWEAPON NOTSHIP NOTAIR SURFACE,
exxec,Exxec,heavy assault K-bot,5311,475,8500,1700,500,,exxec.png,false,KBOT MOBILE WEAPON ALL NOTSUB NOTSHIP NOTAIR SURFACE,
gorg,Juggernaut,(barely) Mobile Heavy Turret,481165,18705,629630,300000,0,,gorg.png,false,KBOT WEAPON ALL NOTSUB NOTAIR SURFACE,
icufboy,Fatboy,Heavy Plasma Kbot,11193,1418,22397,7000,0,,icufboy.png,false,KBOT WEAPON ALL NOTSUB NOTAIR SURFACE,
icufurie,Arm Furie,Experimental Kbot,116664,29489,302193,20489,0,,icufurie.png,false,KBOT NOTAIR NOTSUB SURFACE,
icuinv,ICU Invasor,Light Plasma Kbot,1231,121,2210,810,0,,icuinv.png,false,KBOT MOBILE WEAPON ALL NOTSUB NOTSHIP NOTAIR SURFACE,
icupatroller,Patroller,ICU Light Fantry Robot,897,45,1420,300,0,,icupatroller.png,false,KBOT MOBILE WEAPON ALL NOTSUB NOTSHIP NOTAIR SURFACE,
icuraz,Razorback,Battle Mech,63286,3577,88566,10000,0,,icuraz.png,false,KBOT MOBILE WEAPON ALL NOTSUB NOTAIR SURFACE,
icurock,Rocko,Rocket Kbot,944,97,1887,650,0,,icurock.png,false,KBOT MOBILE WEAPON ALL NOTSUB NOTSHIP NOTAIR SURFACE,
icusnipe,Sharpshooter,Sniper Kbot,14727,535,19137,520,0,,icusnipe.png,false,KBOT MOBILE WEAPON ALL NOTSHIP NOTAIR SURFACE,
icuwar,Warrior,Medium Infantry Kbot,2944,248,3828,1300,0,,icuwar.png,false,KBOT MOBILE WEAPON ALL ANTIGATOR NOTSUB ANTIEMG NOTSHIP NOTAIR SURFACE,
interceptor,Interceptor,Medium Laser-Artillery Mech,1400,800,30000,1700,0,,,false,KBOT MOBILE WEAPON ALL NOTSUB NOTAIR SURFACE,
marauder,Marauder,Amphibious Assault Mech,19534,910,28957,4000,0,,MARAUDER.DDS,false,KBOT MOBILE WEAPON ALL NOTSUB NOTAIR SURFACE,
nfaak,Saboteur,Infantry Kbot,826,34,1279,260,0,,nfaak.png,false,KBOT MOBILE WEAPON ALL NOTSUB NOTSHIP NOTAIR SURFACE,
nfacoug,Cougar,Heavy Assault Mech,24535,1730,56042,4000,0,,nfacougar.png,false,KBOT WEAPON NOTAIR NOTSUB SURFACE,
nfakarg,Karganeth,All-Terrain Assault Mech,63286,3577,88609,10000,0,,nfakarg.png,false,KBOT WEAPON ALL NOTSTRUCTURE NOTSUB NOTAIR SURFACE,
nfapyro,Pyro,Fast Assault Kbot,2783,189,5027,1000,0,,nfapyro.png,false,KBOT MOBILE WEAPON ALL ANTIFLAME NOTSUB NOTSHIP NOTAIR SURFACE,
nfastorm,Tempest,Rocket Kbot,853,81,1722,670,0,,nfastorm.png,false,KBOT MOBILE WEAPON ALL NOTSUB NOTSHIP NOTAIR SURFACE,
nfathud,Thud,Light Plasma Kbot,1061,132,1971,900,0,,nfathud.png,false,KBOT MOBILE WEAPON ALL NOTSUB NOTSHIP NOTAIR SURFACE,
walker,Walker,Assault Kbot,2631,265,3124,1489,0,,,false,ARM KBOT WEAPON NOTAIR NOTSUB SURFACE,
warhammer,Warhammer WHM-6K,Assault / Heavy Weapons Battlemech,66000,3700,58000,4000,0,,warhammer.png,,KBOT MOBILE WEAPON ALL NOTSUB NOTAIR SURFACE,
andbarracs,Building,A building,600,54,1137,1200,0,,andbarracs.png,false,SURFACE,
andflag,Building,A flag,600,54,1137,600,0,,andflag.png,false,SURFACE,
andhangar_close,Building,Barracs,600,54,1137,1200,0,,andhangar_close.png,false,SURFACE,
andmuos,Building,A space radar,2000,54,1137,600,0,,andmuos.png,false,SURFACE,
andtower,Building,A building,600,54,1137,600,0,,andtower.png,false,SURFACE,
andtowercontrol,Building,A control tower,2000,54,1137,2000,0,,andtowercontrol.png,false,SURFACE,
armgeneratore,armgeneratore,An electric generator.,0,1000,10000,50000,,,armgeneratore.bmp,,,
armhvytransp,Heavy Transporter,Trasport Units,13761,2729,16224,3808,200,,armhvytransp.bmp,true,ALL NOTLAND PLANT NOTSUB NOWEAPON NOTSHIP NOTAIR,
artefatto_sporco,Alien,Tech Level 1,1802,128,4066,1240,90,,icucv.png,true,ALL TANK MOBILE NOTSUB NOWEAPON NOTSHIP NOTAIR,
asteroide01,Building,An asteroid,200,0.00006,300,50,,,asteroide01.png,,OGGETTISTATICI,
asteroide02,Building,An asteroid,200,0.00006,300,50,,,asteroide02.png,,OGGETTISTATICI,
asteroide03,Building,An asteroid,200,0.00006,300,50,,,asteroide03.png,,OGGETTISTATICI,
bigrock001,Rock,A rock,200,0.00006,300,50,,,bigrock001.png,,OGGETTISTATICI,
bigrock002,Rock,A rock,200,0.00006,300,50,,,bigrock002.png,,OGGETTISTATICI,
bigrock003,Rock,A rock,200,0.00006,300,50,,,bigrock003.png,,OGGETTISTATICI,
bigrock004,Rock,A rock,200,0.00006,300,50,,,bigrock004.png,,OGGETTISTATICI,
bigrock005,Rock,A rock,200,0.00006,300,50,,,bigrock005.png,,OGGETTISTATICI,
bigrock006,Rock,A rock,200,0.00006,300,50,,,bigrock006.png,,OGGETTISTATICI,
bigrock007,Rock,A rock,200,0.00006,300,50,,,bigrock007.png,,OGGETTISTATICI,
bigrock008,Rock,A rock,200,0.00006,300,50,,,bigrock008.png,,OGGETTISTATICI,
bigrock009,Rock,A rock,200,0.00006,300,50,,,bigrock009.png,,OGGETTISTATICI,
car001,Car,Civilian car,944,97,1887,300,0,,car001.png,false,OGGETTISTATICI,
car002,Car,Civilian car,944,97,1887,300,0,,car002.png,false,OGGETTISTATICI,
car003,Car,Civilian car,944,97,1887,300,0,,car003.png,false,OGGETTISTATICI,
container_1,Livrium Container,EUF Container,1802,128,4066,2000,90,,container_1.png,true,ALL NOTLAND NOTSUB NOWEAPON NOTSHIP NOTAIR SURFACE OGGETTISTATICI,
controllo_spazioporto,Tower Control,Capture this to take control of objects,600,54,1137,81,0,,controllo_spazioporto.png,false,ALL NOTLAND NOTSUB NOWEAPON NOTSHIP NOTAIR,
crane,Building,A crane,200,0.00006,300,50,,,crane.png,,OGGETTISTATICI,
cumulo_1,Rock,A lava pile,200,0.00006,300,50,,,rock001.png,,OGGETTISTATICI,
cumulo_2,Rock,A lava pile,200,0.00006,300,50,,,rock001.png,,OGGETTISTATICI,
cumulo_3,Rock,A lava pile,200,0.00006,300,50,,,rock001.png,,OGGETTISTATICI,
cumulo_4,Rock,A lava pile,200,0.00006,300,50,,,rock001.png,,OGGETTISTATICI,
cumulo_5,Rock,A lava pile,200,0.00006,300,50,,,rock001.png,,OGGETTISTATICI,
cumulo_6,Rock,A lava pile,200,0.00006,300,50,,,rock001.png,,OGGETTISTATICI,
eridlon_antenna,Antenna,Antenna,4432,980,5705,1263,0,,ARMFORTGV.bmp,false,OGGETTISTATICI,
eridlon_bridge1,Bridge,Building,0.1,20,100,1500,,,,,SURFACE,
eridlon_bridge2,Bridge,Building,0.1,20,100,1500,,,,,SURFACE,
eridlon_fence,Fence,Port fence,0.1,20,100,1500,,,,,OGGETTISTATICI,
eridlon_fence_dx,Fence,Port fence,0.1,20,100,1500,,,,,OGGETTISTATICI,
eridlon_fort,Fence,Port fence,0.1,20,100,1500,,,,,OGGETTISTATICI,
eridlon_gate,Fortification Gate,Eridlon Gate,10000,980,5705,6000,0,,ARMFORTGV.bmp,false,OGGETTISTATICI,
eridlon_gate_wall,Fortification Gate,Eridlon Gate,10000,980,5705,6000,0,,ARMFORTGV.bmp,false,OGGETTISTATICI,
eridlon_pala_eolica,Wind Generator,Produces Energy,162,35,1603,3000,0,,armwing.png,false,OGGETTISTATICI,
eridlon_semaforo,traffic lights,traffic lights,944,97,1887,300,0,,eridlon_semaforo.png,false,OGGETTISTATICI,
eridlon_semaforo_60,traffic lights,traffic lights,944,97,1887,300,0,,da_fare.png,false,OGGETTISTATICI,
eridlon_semaforo_dx,traffic lights,traffic lights,944,97,1887,300,0,,da_fare.png,false,OGGETTISTATICI,
eridlon_semaforo_sx,traffic lights,traffic lights,944,97,1887,300,0,,da_fare.png,false,OGGETTISTATICI,
eufspazioporto,Spaceport,ICU Spaceport,13761,2729,16224,400000,200,,,true,ALL NOTLAND PLANT NOTSUB NOWEAPON NOTSHIP NOTAIR SURFACE,
eufspazioportoanim,Spaceport,Transport units,13761,2729,1224,80000,3500,,eufspazioportodin.pcx,true,ALL NOTLAND PLANT NOTSUB NOWEAPON NOTSHIP NOTAIR SURFACE,
eufspazioportodin,Spaceport,Transport units,13761,2729,1224,80000,3500,,,true,ALL NOTLAND PLANT NOTSUB NOWEAPON NOTSHIP NOTAIR SURFACE,euftrasparte|nfagol|ruspa_builder
euf_harvester,Reinforced Bus Vehicle,Tech Level 1,1802,128,4066,1240,90,,da_fare.png,false,ALL TANK MOBILE NOTSUB NOWEAPON NOTSHIP NOTAIR SURFACE,
euf_saving_vehicle,Reinforced Bus Vehicle,Tech Level 1,1802,128,4066,1240,90,,da_fare.png,false,ALL TANK MOBILE NOTSUB NOWEAPON NOTSHIP NOTAIR SURFACE,
folsom_dam_fogna_e,Sewage Outfalls,Sewage Outfalls,600,54,1137,3000,0,,folsom_dam_fogna.png,false,OGGETTISTATICI,
folsom_dam_fogna_n,Sewage Outfalls,Sewage Outfalls,600,54,1137,3000,0,,folsom_dam_fogna.png,false,OGGETTISTATICI,
folsom_dam_fogna_o,Sewage Outfalls,Sewage Outfalls,600,54,1137,3000,0,,folsom_dam_fogna.png,false,OGGETTISTATICI,
folsom_dam_fogna_s,Sewage Outfalls,Sewage Outfalls,600,54,1137,3000,0,,folsom_dam_fogna.png,false,OGGETTISTATICI,
livrium00,Building,A livrium crystal,200,0.00006,300,50,,,livrium00.png,,OGGETTISTATICI,
livrium01,Building,A livrium crystal,200,0.00006,300,50,,,livrium01.png,,OGGETTISTATICI,
livrium02,Building,A livrium crystal,200,0.00006,300,50,,,livrium02.png,,OGGETTISTATICI,
livrium03,Building,A livrium crystal,200,0.00006,300,50,,,livrium03.png,,OGGETTISTATICI,
livrium04,Building,A livrium crystal,200,0.00006,300,50,,,livrium04.png,,OGGETTISTATICI,
nfahvytrsp,Shark transporter,Heavy transporter,13761,2729,1224,400000,3500,,,true,ALL NOTLAND PLANT NOTSUB NOWEAPON NOTSHIP NOTAIR,
pala001,Building,A building,600,54,1137,81,0,,pala001.png,false,OGGETTISTATICI,
pala001_d,Building,Building,0.1,20,100,1500,,,,,OGGETTISTATICI,
pala002,Building,A building,200,0.00006,300,50,,,pala002.png,,OGGETTISTATICI,
pala002_d,Building,Building,0.1,20,100,1500,,,,,OGGETTISTATICI,
pala003,Building,A building,200,0.00006,300,50,,,pala003.png,,OGGETTISTATICI,
pala003_d,Building,Building,0.1,20,100,1500,,,,,OGGETTISTATICI,
pala004,Building,A building,200,0.00006,300,50,,,pala004.png,,OGGETTISTATICI,
pala004_d,Building,Building,0.1,20,100,1500,,,,,OGGETTISTATICI,
pala005,Building,A building,200,0.00006,300,50,,,pala005.png,,OGGETTISTATICI,
pala005_d,Building,Building,0.1,20,100,1500,,,,,OGGETTISTATICI,
pala006,Building,A building,200,0.00006,300,50,,,pala006.png,,OGGETTISTATICI,
pala008,Building,A building,200,0.00006,300,50,,,pala006.png,,OGGETTISTATICI,
pala009,Building,A building,200,0.00006,300,50,,,pala006.png,,OGGETTISTATICI,
pala010,Building,A building,200,0.00006,300,50,,,pala010.png,,OGGETTISTATICI,
pala011,Building,A building,200,0.00006,300,50,,,pala011.png,,OGGETTISTATICI,
palma001,Palm,A palm,200,0.00006,300,50,,,palma.png,,OGGETTISTATICI,
palma002,Palm,A palm,200,0.00006,300,50,,,palma.png,,OGGETTISTATICI,
palma003,Palm,A palm,200,0.00006,300,50,,,palma.png,,OGGETTISTATICI,
palma004,Palm,A palm,200,0.00006,300,50,,,palma.png,,OGGETTISTATICI,
palma005,Palm,A palm,200,0.00006,300,50,,,palma.png,,OGGETTISTATICI,
palma006,Palm,A palm,200,0.00006,300,50,,,palma.png,,OGGETTISTATICI,
pino001,pine,A pine,200,0.00006,300,50,,,pino001.png,,OGGETTISTATICI,
pino002,pine,A pine,200,0.00006,300,50,,,pino002.png,,OGGETTISTATICI,
pino003,pine,A pine,200,0.00006,300,50,,,pino003.png,,OGGETTISTATICI,
pino004,pine,A pine,200,0.00006,300,50,,,pino004.png,,OGGETTISTATICI,
pino005,pine,A pine,200,0.00006,300,50,,,pino005.png,,OGGETTISTATICI,
rock001,Rock,A rock,200,0.00006,300,50,,,rock001.png,,OGGETTISTATICI,
rock002,Rock,A rock,200,0.00006,300,50,,,rock002.png,,OGGETTISTATICI,
rock003,Rock,A rock,200,0.00006,300,50,,,rock003.png,,OGGETTISTATICI,
rock004,Rock,A rock,200,0.00006,300,50,,,rock004.png,,OGGETTISTATICI,
ruspa,Bulldozer,Bulldozer,0.1,20,100,1500,,,ruspa.png,,OGGETTISTATICI,
ruspa_builder,Construction Vehicle,Tech Level 1,1802,128,4066,1240,90,,ruspa_builder.png,{,ALL TANK MOBILE NOTSUB NOWEAPON NOTSHIP NOTAIR SURFACE,controllo_spazioporto|eufhq
ruspa_camion,Truck,Truck,0.1,20,100,1500,,,ruspa_camion.png,,OGGETTISTATICI,
ruspa_gru,Crane,Crane mobile,0.1,20,100,1500,,,ruspa_gru.png,,OGGETTISTATICI,
ruspa_rimorchio,Trailer,Truck trailer,0.1,20,100,1500,,,ruspa_rimorchio.png,,OGGETTISTATICI,
station_one_antenna,Orbital Radar Tower,Antenna,600,54,1137,30000,0,,Station_one_antenna.png,false,OGGETTISTATICI,
station_one_antenna_small,Orbital Radar Tower,Early Warning System,600,54,1137,6000,0,,Station_one_antenna_small.png,false,OGGETTISTATICI,
station_one_cannon,SAM,EUF Anti Air cannon,5750,295,5237,2500,,,station_one_cannon.png,,OGGETTISTATICI,
station_one_scudi,Orbital Gate Shield,Orbital Station Shield,600,54,1137,6000,0,,Station_one_scudi.png,false,OGGETTISTATICI,
station_one_tunnel,Orbital Gate Tunnel,Orbital Station Bracket,600,54,1137,1500,0,,Station_one_tunnel.png,false,OGGETTISTATICI,
stazione_controllo_1,Building,A control station,600,54,1137,3500,0,,stazione_radar_1.png,false,OGGETTISTATICI,
stazione_radar_1,Building,A radar station,600,54,1137,3500,0,,stazione_radar_1.png,false,OGGETTISTATICI,
tank_1,Building,A gas tank,600,54,1137,3500,0,,tank_1.png,false,OGGETTISTATICI,
tank_2,Building,A gas tank,600,54,1137,3500,0,,tank_2.png,false,OGGETTISTATICI,
therock001,Rock,A rock,200,0.00006,300,50,,,therock001.png,,OGGETTISTATICI,
therock002,Rock,A rock,200,0.00006,300,50,,,therock002.png,,OGGETTISTATICI,
therock003,Rock,A rock,200,0.00006,300,50,,,therock003.png,,OGGETTISTATICI,
therock004,Rock,A rock,200,0.00006,300,50,,,therock004.png,,OGGETTISTATICI,
therock005,Rock,A rock,200,0.00006,300,50,,,therock004.png,,OGGETTISTATICI,
therock006,Rock,A rock,200,0.00006,300,50,,,therock004.png,,OGGETTISTATICI,
therock007,Rock,A rock,200,0.00006,300,50,,,therock004.png,,OGGETTISTATICI,
therock008,Rock,A rock,200,0.00006,300,50,,,therock004.png,,OGGETTISTATICI,
treno_locomotiva,Building,A railroad car,600,54,1137,800,0,,treno_locomotiva.png,false,OGGETTISTATICI,
treno_vagone_aperto,Building,A railroad car,600,54,1137,800,0,,treno_vagone_aperto.png,false,OGGETTISTATICI,
treno_vagone_chiuso,Building,A railroad car,600,54,1137,800,0,,treno_vagone_chiuso.png,false,OGGETTISTATICI,
treno_vagone_container,Building,A railroad car,600,54,1137,800,0,,treno_vagone_container.png,false,OGGETTISTATICI,
wmrtsbuilder,WMRTS freatures builder,the WMRTS features builder,31029,2901,27763,2180,180,,icuaca.png,{,ALL NOTLAND MOBILE NOTSUB ANTIFLAME ANTIGATOR ANTIEMG ANTILASER VTOL NOWEAPON NOTSHIP,palma001|palma002|palma003|palma004|palma005|palma006|pino001|pino002|pino003|pino004|pino005|pala001|pala002|pala003|pala004|pala005|pala006|pala008|pala009|pala010|pala011|pala005_d|ruspa|ruspa_camion|ruspa_gru|ruspa_rimorchio|rock001|rock002|rock003|rock004|Station_one_tunnel|Station_one_antenna_small|eridlon_gate|eridlon_gate_wall|eridlon_semaforo|euf_fence_gate|euf_fence_wall|eufspazioporto|station_one_cannon|Station_one_scudi|folsom_dam_fogna_n|folsom_dam_fogna_s|folsom_dam_fogna_o|folsom_dam_fogna_e|Station_one_antenna|cumulo_1|cumulo_2|cumulo_3|cumulo_4|cumulo_5|cumulo_6|fabbrica_1|fabbrica_3|fabbrica_3_bis|fabbrica_4|lampione_sud|lampione_dx|car001|car002|car003|therock001|therock002|therock003|therock004|therock005|therock006|therock007|therock008|stazione_radar_1|stazione_controllo_1|tank_1|tank_2|container_1|treno_locomotiva|treno_vagone_chiuso|treno_vagone_aperto|treno_vagone_container|andwall|euf_fence_wall|crane|andbarracs|andhangar_close|andmuos|andtowercontrol|livrium00|livrium01|livrium02|livrium03|livrium04|andflag|andtower|bigrock001|bigrock002|bigrock003|bigrock004|bigrock005|bigrock006|bigrock007|bigrock008|bigrock009
fabbrica_1,Building,A factory,600,54,1137,81,0,,fabbrica_1.png,false,OGGETTISTATICI,
fabbrica_3,Building,A factory,600,54,1137,81,0,,fabbrica_3.png,false,OGGETTISTATICI,
fabbrica_3_bis,Building,A factory,600,54,1137,81,0,,fabbrica_3_bis.png,false,OGGETTISTATICI,
fabbrica_4,Building,A factory,600,54,1137,81,0,,fabbrica_4.png,false,OGGETTISTATICI,
lampione_dx,Building,A street light,600,54,1137,81,0,,lampione_sud.png,false,OGGETTISTATICI,
lampione_sud,Building,A street light,600,54,1137,81,0,,lampione_sud.png,false,OGGETTISTATICI,
armasp,Air Repair Pad,Automatically Repairs Aircraft,4311,403,9315,1600,1000,,icuasp.png,true,ALL NOTLAND NOTSUB NOWEAPON NOTSHIP NOTAIR SURFACE,
armnanotc,Nano Turret,Repairs and builds in large radius,5021,597,5312,500,50,,nfananotc.png,true,ALL NOTSUB CONSTR NOWEAPON NOTAIR SURFACE,
corasp,Air Repair Pad,Automatically Repairs Aircraft,4311,403,9315,1600,1000,,nfaasp.png,true,ALL NOTLAND NOTSUB NOWEAPON NOTSHIP NOTAIR SURFACE,
cornanotc,Nano Turret,Repairs and builds in large radius,5021,597,5312,500,50,,nfananotc.png,true,ALL NOTSUB CONSTR NOWEAPON NOTAIR SURFACE,
armcamp,M1A4 Campbell,Heavy Assault Tank,22000,1700,32000,6500,0,,icucampbell.png,false,ALL TANK MOBILE WEAPON NOTSUB NOTSHIP NOTAIR SURFACE,
armcroc,Triton,Heavy Amphibious Tank,11512,467,13367,3360,0,,icucroc.png,false,ALL TANK MOBILE WEAPON NOTSUB NOTSHIP NOTAIR SURFACE,
armfav,Jeffy,Light Scout Vehicle,342,29,912,80,0,,icufav.png,false,ALL TANK MOBILE WEAPON NOTSUB NOTSHIP NOTAIR SURFACE,
armjam,Jammer,Radar Jammer Vehicle,1621,97,5933,460,0,,icujam.png,false,ALL TANK MOBILE NOTSUB NOWEAPON NOTSHIP NOTAIR SURFACE,
armlatnk,Panther,Lightning Tank,7000,307,7534,950,0,,ARMLATNK.png,false,ALL TANK MOBILE WEAPON NOTSUB NOTSHIP NOTAIR SURFACE,
armmanni,Penetrator,Mobile Tachyon Weapon,12477,1129,25706,2500,0,,icumanni.png,false,ALL TANK MOBILE WEAPON NOTSUB NOTSHIP NOTAIR SURFACE,
armmart,Luger,Mobile Artillery,3840,254,5530,600,0,,icumart.png,false,ALL TANK MOBILE WEAPON NOTSUB NOTSHIP NOTAIR SURFACE,
armmerl,Merl,Mobile Rocket Launcher,6146,862,15592,1100,0,,icumerl.png,false,ALL TANK MOBILE WEAPON NOTSUB NOTSHIP NOTAIR SURFACE,
armpincer,Pincer,Light Amphibious Tank,1921,187,2613,1148,0,,icupincer.png,false,ALL TANK PHIB WEAPON NOTSUB NOTAIR SURFACE,
armsam,Samson,Missile Truck,2027,140,2945,850,0,,icusam.png,false,ALL TANK MOBILE WEAPON NOTSUB NOTSHIP NOTAIR SURFACE,
armst,Gremlin,Stealth Tank,3480,212,6704,950,0,,icust.png,false,ALL TANK MOBILE WEAPON NOTSUB NOTSHIP NOTAIR SURFACE,
armstump,Stumpy,Medium Assault Tank,1746,201,2904,1530,0,,icustump.png,false,ALL TANK MOBILE WEAPON NOTSUB NOTSHIP NOTAIR SURFACE,
armyork,Phalanx,Anti-Air Flak Vehicle,8510,425,9964,2350,,,icuyork.png,,ALL TANK MOBILE WEAPON NOTSUB NOTSHIP NOTAIR NOTHOVER SURFACE,
coreter,Deleter,Radar Jammer Vehicle,1757,100,6404,520,0,,nfaeter.png,false,ALL TANK MOBILE NOTSUB NOWEAPON NOTSHIP NOTAIR SURFACE,
cormabm,Hedgehog,Mobile Anti-missile Defense,92321,1508,96450,780,0,,nfamabm.png,false,ALL TANK MOBILE WEAPON NOTSUB NOTSHIP NOTAIR SURFACE,
cormart,Pillager,Mobile Artillery,3005,263,4270,560,0,,nfamart.png,false,ALL TANK MOBILE WEAPON NOTSUB NOTSHIP NOTAIR SURFACE,
cormist,Slasher,Missile Truck,2177,146,3065,1120,0,,nfamist.png,false,ALL TANK MOBILE WEAPON NOTSUB NOTSHIP NOTAIR SURFACE,
corparrow,Poison Arrow,Very Heavy Amphibious Tank,26854,988,22181,5700,0,,nfaparrow.png,false,ALL TANK PHIB WEAPON NOTSUB NOTAIR SURFACE,
corseal,Croc,Medium Amphibious Tank,12013,450,8762,2340,0,,nfaseal.png,false,ALL TANK MOBILE WEAPON NOTSUB NOTSHIP NOTAIR SURFACE,
corsent,Copperhead,Anti-Air Flak Vehicle,9487,443,11986,2425,,,nfasent.png,,ALL TANK MOBILE WEAPON NOTSUB NOTSHIP NOTAIR NOTHOVER SURFACE,
corvroc,Diplomat,Mobile Rocket Launcher,6270,827,15002,1250,0,,nfavroc.png,false,ALL TANK MOBILE WEAPON NOTSUB NOTSHIP NOTAIR SURFACE,
corwolv,Wolverine,Light Mobile Artillery,2219,159,3254,550,0,,nfawolv.png,false,ALL TANK WEAPON NOTSUB NOTAIR SURFACE,
grayhound,Greyhound,Prototype Field/Command Tank,6935,793,13013,3000,0,,da_fare.png,false,ALL TANK MOBILE WEAPON NOTSUB NOTSHIP NOTAIR SURFACE,
icubull,Bulldog,Heavy Assault Tank,14593,844,17228,4200,0,,icubull.png,false,ALL TANK MOBILE WEAPON NOTSUB NOTSHIP NOTAIR SURFACE,
icuflash,Flash,Fast Assault Tank,914,109,1963,570,0,,icuflash.png,false,ALL TANK MOBILE WEAPON NOTSUB NOTSHIP NOTAIR SURFACE,
icujanus,Janus,Twin Medium Rocket Launcher,2361,226,3545,880,0,,icujanus.png,false,ALL TANK WEAPON NOTSUB NOTSHIP NOTAIR SURFACE,
icuseer,Seer,Radar Vehicle,1941,115,6186,880,0,,icuseer.png,false,ALL TANK MOBILE NOTSUB NOWEAPON NOTSHIP NOTAIR SURFACE,
nfafav,Weasel,Light Scout Vehicle,256,24,1104,95,0,,nfafav.png,false,ALL TANK MOBILE WEAPON NOTSUB NOTSHIP NOTAIR SURFACE,
nfagarp,Garpike,Light Amphibious Tank,2441,206,3101,1219,0,,nfagarp.png,false,ALL TANK PHIB WEAPON NOTSUB NOTAIR SURFACE,
nfagator,Instigator,Light Tank,1042,118,1761,693,0,,nfagator.png,false,ALL TANK MOBILE WEAPON NOTSUB NOTSHIP NOTAIR SURFACE,
nfagol,Goliath,Very Heavy Assault Tank,19892,1567,26125,7000,0,,nfagol.png,false,ALL TANK MOBILE WEAPON NOTSUB NOTSHIP NOTAIR SURFACE,
nfalevlr,Leveler,Riot Tank,2387,210,3009,1275,0,,nfalevlr.png,false,ALL TANK MOBILE WEAPON ANTIGATOR ANTIEMG NOTSUB NOTSHIP NOTAIR SURFACE,
nfaraid,Raider,Medium Assault Tank,2219,211,3312,1685,0,,nfaraid.png,false,ALL TANK MOBILE WEAPON NOTSUB NOTSHIP NOTAIR SURFACE,
nfareap,Reaper,Heavy Assault Tank,11348,589,13530,4900,0,,nfareap.png,false,ALL TANK MOBILE WEAPON NOTSUB NOTSHIP NOTAIR SURFACE,
nfavrad,Informer,Radar Vehicle,1209,86,4223,510,0,,nfavrad.png,false,ALL TANK MOBILE NOTSUB NOWEAPON NOTSHIP NOTAIR SURFACE,
tawf013,Shellshocker,Light Artillery Vehicle,2016,142,2998,530,0,,tawf013.png,false,ALL TANK WEAPON NOTSUB NOTSHIP NOTAIR SURFACE,
tawf114,Banisher,Heavy Missile Tank,20701,939,23129,2250,0,,nfabanisher.png,false,ALL TANK WEAPON NOTSUB NOTAIR SURFACE,
andacsp,Advanced Construction Spider,All-Terrain Constructor Spider lvl2,4084,400,9432,840,140,,da_fare.png,true,KBOT MOBILE ALL NOTSUB NOWEAPON NOTSHIP NOTAIR SURFACE,andfus|andgant|andaafus|andametex|andaestor|andarad|andshield|anddfens|andill|andchaos|andernie|chemist|andlaunch|andangel|andhp|medusa|andahp
andangel,Super Cannon,Long Range Plasma Cannon,60680,4184,85185,4200,0,,andangel.png,false,ALL NOTLAND WEAPON NOTSUB NOTSHIP NOTAIR SURFACE,
andaplat,Aircraft Plant,Produces Level 2 Aircraft,26986,3006,20851,3450,200,,CORPLAT.DDS,true,ALL NOTLAND PLANT NOTSUB NOWEAPON NOTSHIP NOTAIR SURFACE,anddragon|corhors|andabomb|andhawk
andartic,Artic,Energy weapon,1467,185,5448,1500,0,,andartic.png,false,ALL NOTLAND WEAPON NOTSUB NOTSHIP NOTAIR SURFACE,
andcsp,Construction Spider,All-Terrain Constructor Spider,1622,113,3551,650,90,,andcsp.png,true,ALL TANK MOBILE WEAPON NOTSUB NOTSHIP NOTAIR SURFACE,andsolar|andwind|andmstor|andestor|andmexun|andmex|andalab|andlab|andhp|andplat|andrad|andlartic|andartic|andhartic|andpopaa|andrl|andaa
andfury,Fury,Rapid Anti-Air Flakker,20154,3601,40358,2574,0,,,false,ALL NOTLAND WEAPON NOTSUB NOTSHIP NOTAIR SURFACE,
andhartic,Artic,Energy weapon,4443,449,9622,2475,0,,andhartic.png,false,ALL NOTLAND WEAPON NOTSUB NOTSHIP NOTAIR SURFACE,
andplat,Aircraft Plant,Produces Level 1 Aircraft,1370,850,7240,2000,100,,andplat.png,true,ALL NOTLAND PLANT NOTSUB NOWEAPON NOTSHIP NOTAIR SURFACE,andca|andfig|andbomb|andstr|andmerv
andscouter,Recluse,All-Terrain scouter,897,45,1420,780,0,,andscouter.png,false,ALL TANK MOBILE WEAPON NOTSUB NOTSHIP NOTAIR SURFACE,
andspmis,Center,All-Terrain Missile Launcher,897,45,1420,780,0,,da_fare.png,false,ALL TANK MOBILE WEAPON NOTSUB NOTSHIP NOTAIR SURFACE,
armscab,Scarab,Mobile Anti-missile Defense,88000,1437,95678,780,0,,armscab.png,false,ALL TANK MOBILE WEAPON NOTSUB NOTSHIP NOTAIR SURFACE,
armshock,Vanguard,All-Terrain Heavy Plasma Cannon,54739,3120,101218,18000,,,ARMSHOCK.DDS,false,ALL TANK MOBILE WEAPON NOTSUB NOTSHIP NOTAIR SURFACE,
